Tid og dato for prøvetakning;Tid og dato for postsendelse;Prøvetakningsområde;Prøvetakningslokale;Prøve ID;Bilde av filteret som viser prøve ID;Koordinater;Antall mL som ble filtrert, en gjennomsprøytning er 60 mL.;Om annet vil deles
2024-09-29T14:00;;Horten: Borrestranda;Horten_1;;;59.38608960163268, 10.477926651535665;1200ml;Prøvenr 2013 Gikk greit.
2024-09-29T15:00;;Horten: Bastøya: Buvika/Rødskjær;Horten_3;;;59.36782527206108, 10.51353548187071;1200ml;Prøvenr 2031 Avstanden mellom vannprøve-stedene (når begeret måtte fylles påny) var i underkant av 100m pga avdrift mens prøvetakingen foregikk. Regner ikke med at det har noen betydning.
2024-09-30T15:30;;Storøyodden, Bærum;Indre_vest_2;;;"59°53'21""N 10°35'36""E";1200;Området er relativt grunt. Prøve tatt like under overflaten med posisjon på ca 1 m dybde (tatt med vadere). Bunnen meget bløt og tydelig preget av H2S. Mye silt/fine materialer ble virvlet opp, men forsøkte å flytte noe ved hvert påfyll slik at ikke silt kom med i prøven. Prøvevannet var relativt klart.
2024-11-02T13:30;;Færder;T-1;;;(59.1725882, 10.4470931);1200 mL;Måtte tape nummeret til filteret. Ellers alt ok.
2024-10-10T13:00;;Fredrikstad;Hvaler 2;;;59.174575, 10.859978;1200;Testkit 2111
2024-10-10T12:15;;Fredrikstad;Hvaler 1;2039;;59.165988, 10.835059;1140ml;
2024-11-05T14:30;2024-11-05T18:00;Oslofjorden;indre_øst_2;Husker ikke (Beklager);;59.895903,10.754533;600 mL 10 gjennomsprutninger;Det var vanskelig og komme ut på dybde uten tilgang til båt eller brygge, vannet var veldig grumsete de ble tatt ved vannkanten
2024-11-07T12:00;2024-11-07T15:30;Bunnefjorden;Bunnefjorden_1;2176;;(59.7224552, 10.7271023);15 gjennomsprutninger;
2024-11-09T11:00;;Nesodden vest, Kollektivbrygga;indre vest 3;2032;;N 6644910.21 Ø 256815.85;;Hadde vært fint å få 3 plastglass til hvert sett fordi adkomst til vannet noen ganger er vanskelig, så slipper man å krabbe ned 3 ganger. Hadde også vært fint å få et ekstrasett hvis man mister en del (jeg passer på, men d kan skje), dumt at alt blir bortkasta hvis en del mangler. Hva betyr prøvetagningslokale? Måtte skrive inn noe for å få sendt.
2024-11-09T10:00;;Hellviktangen, Nesodden øst;bunnefjorden_5;2134;;N 6642685.93 Ø 258538.41;;
2024-11-04T16:00;;bunnefjorden, 4;?;2126;;;vi gjorde 20;
2024-11-10T15:00;;bunnefjorden, 2;?;2047;;59.7452109, 10.7249443;vi gjorde 20;først mistet jeg filteret i vannet. Så tok filter fra annen pose. så glemte jeg å skru på korka før jeg tok i fikseringsmiddelet. tok derfor litt ekstra fikseringsmiddel. håper ikke prøven er ødelagt:-)
2024-11-10T14:00;;Sætre;Sætre 5;2004;;59.66457337572533, 10.601090041283157;1200ml;utgående strøm ca 1 knop
2024-11-10T14:20;;Sætre;Sætre 4;2048;;59.66602278028324, 10.586127050858757;1200ml;0 strøm
2024-11-10T14:40;;Sætre;Sætre 3;2035;;59.675743019041846, 10.567438939378961;1200ml;Strøm ut 05-1 knop
2024-11-11T17:00;2024-11-12T16:00;Sætre;Sætre 2;2005;;59.679841092315684, 10.550740918861303;1200ml;utgående strøm 0,1-0,3
2024-11-11T17:20;2024-11-12T16:00;Sætre;Sætre 1;2113;;59.68578452208467, 10.54049879708911;1200ml;Strøm ut 0,2 knop
2024-11-12T14:30;;Oslo;Indre_øst_3, Bleikøya;2019;IMG_8582.jpeg;(59.8874930, 10.7333767);1200;
2024-11-12T16:00;;Oslo;Indre_øst_1, Sørengs;2007;IMG_8583.jpeg;(59.9012751, 10.7498532);510;
2024-11-21T17:00;;Snarøya;Indre_vest_2;2137;IMG_1663.jpeg;59.8891953 10.5933094;;Vanskelig å fylle fiksering i filteret uten å lufte litt på toppen filteret er full av luft. Vi gjør så godt vi kan men det søles litt.
2024-11-14T16:00;;Lysaker;Indre_vest_1;2009;IMG_5790.jpeg;59.9095129, 10.6429088;90ml;Filteret gikk tett etter 900 ml etter 15 skyllinger a 60 ml.
2024-11-15T09:30;;Oslo;Bunnefjorden_6;2142;IMG_4581.jpeg;;1200mL;
2024-11-17T14:33;2024-11-18T16:00;Sandefjord2 Svinevika;Svinevika;2026;PXL_20241117_140410938.jpg;59.051411, 10.226025;1200 mL;Første filter #2027 spratt av 60-sprøyten og fløt av gårde.  Den kan derfor tas ut av serien og vi trenger nytt filter for neste prøve om ca en måned.
2024-11-17T17:15;2024-11-18T16:00;Sandefjord1 Tangen;Tangen;2133;original_ea3f87f7-f971-43f7-ad49-073a08c3fdb7_PXL_20241117_161758676.jpg;59.095647, 10.250158;1200 mL;Etiketten som skal på filteret har papir på baksiden som går i oppløsning når det blir vått og da fester ikke limet på etiketten. Skrev på med sprittusj denne gang.  Det er vanskelig å ta vannprøver uten at utstyret blir vått så kanskje dere kan bruke etikett med plast bak eller sette etiketten på ved utsending av utstyret.  Tips2: Det blir kaldt snart og hendene blir veldig kalde når prøvetaking tar ca 30 min i null grader. Spesielt når man skal ta flere prøver. Det er kanskje lurt å sende med tykkere hansker eller eventuelt  to størrelser større slik at de kan tres utenpå andre varmere hansker.
2024-11-04T16:00;2024-11-13T12:00;Færder/Tjøme;Tønsberg_3;Glemte dessverre å notere meg dette, og oppdaget det ikke før prøven ble sendt. Skal huske det neste gang!;;"59°03'25.7""N 10°24'40.0""E";1200 mL;Jeg sølte dessverre ut noe av etanol fra den lille sprøyten i siste steg, men håper det var nok i røret til å holde prøven fuktig.
2024-11-19T12:00;;Horten;Horten_1;2101;IMG_9584 (1).jpg;59.38577 10.48004;ok;
2024-11-19T13:00;;Horten;Horten_3;2097;IMG_9585.jpg;59.36795 10.51493;;
2024-11-20T13:30;2024-11-20T15:00;Holmestrand;Holmestrand 4 ( Snekkestad);2373;PXL_20241120_121831914.jpg;59,4610029, 10,3580907;1200 ml;
2024-12-01T16:00;2024-12-02T10:00;lysaker;Indre_vest_1;2173;vannprøve2173.jpg;59.9092554430462, 10.64278339020617;1200;
2024-12-01T17:00;2024-12-02T10:00;Fornebu;Indre_vest_2;2282;vannprøve2282.jpg;59.88806135579899, 10.59171811131175;1200;
2024-12-01T13:00;2024-12-02T07:30;Færder;Tønsberg_1;2120;E3864D61-0589-433F-A2BC-C5D6AA361139.jpeg;59.1725882, 10.4470931;1200 mL;Jeg teipet på filternummeret pga manglende lim på baksiden.
2024-11-04T16:00;2024-12-04T14:00;Færder/Tjøme;Tønsberg_3;2014;Filder m ID DES.jpg;"59°03'25.7""N 10°24'40.0""E";1200 mL;Det var veldig vanskelig å få ID-lapp til å sitte fast på filter-røret (knotete å få av papiret bak på klistrelapp med hansker under plast-hanskene). Håper det ble sittende på under transport.
2024-12-06T13:00;2024-12-06T16:15;Bunnefjorden;Bunnefjorden_1;2102;IMG_5529.jpeg;(59.7223969, 10.7270852);Ingen avvik;
2024-12-07T13:16;;Larvik;Larvik_1;2012;IMG_20241207_131641023.jpg;59.027427,10.066998;;
2024-12-07T14:35;;Larvik;Larvik_2;2117;IMG_20241207_143527030.jpg;59.023216,10.095937;;Observerte endel perlesnormaneter, dessverre.
2024-12-09T10:30;2024-12-10T11:30;Nesodden, Hellviktangen;bunnefjorden_5;2100;IMG_20241209_115331.jpg;N6642685.93 Ø258538.41;;
2024-12-09T11:15;2024-12-10T11:30;Nesodden, Kollektivbrygga;indre_vest_3;2138;IMG_20241209_115557.jpg;N6644910.21 Ø256815.85;;Litt ekstra plunder pga ekstremt lavvann og vanskelig å fylle på vann, men protokollen fulgt.
2024-12-09T11:00;;Oslo;Indre_øst_3;2141;image.jpg;(59.8874769, 10.7333150);1200mL;Fikk ikke fylt på alt fikseringsmiddelet fordi det var luft i sprøyta. Klistrelappene med prøveID blir ødelagt når den blir fuktig.
2024-12-09T18:00;;Oslo;Indre_øst_1;2011;image.jpg;(59.9012807, 10.7498549);1200mL;
2024-11-17T15:10;;Høyerholmen;Høyerholmen-1;2374;prøve2374.jpg;59.852420, 10.557335;;
2024-12-08T15:20;;Høyerholmen;Høyerholmen-2;2250;prøve2250.jpg;59.852420, 10.557335;;Klistermerke for prøve 2250 gikk tapt på sjøen. Har limt på en annen klistermerke. Prøvenummer ble ikke forandret.
2024-11-28T17:35;;Hukodden;Hukodden-1;2274;prøve2274.jpg;59.89503930364085, 10.673932945162136;;
2024-12-09T17:20;2024-11-12T11:30;Sætre;Sætre 5;2528;2528.jpg;"59°39'51.9""N 10°36'04.6""E";1200ml;0,5 knop ut
2024-12-09T12:00;2024-11-12T13:00;Sætre;Sætre 4;2507;2507.jpg;"59°39'59.0""N 10°35'00.9""E";1200ml;tatt 100 mtr lengre nord enn sist grunnet is
2024-12-11T14:00;;Horten;Horten-3;2503;IMG_9723.jpeg;59.36795  10.51493;;Prøven er tatt av Trine Flagstad, på vegne av Øyvind Wistrøm.
2024-12-11T16:00;;Horten;Horten-1;2329;IMG_9725.jpg;59.38577  10.48004;;Prøven er tatt av Trine Flagstad, på vegne av Øyvind Wistrøm. trine.flagstad@gmail.com, tlf[REDACTED_PHONE]
2024-12-13T10:30;2024-12-13T15:00;Oslo;Bunnefjorden_6;2041;image.jpg;;1200;
2024-12-17T14:00;2025-01-02T11:00;Holmestrand;Holmestrand 4 ( Snekkestad);2266;;59,4610029, 10,3580907;1200 ml;sender rett over nyåret og er også tom for nye prøvefiltre mm. god Jul
2024-12-26T14:30;;Sandefjord2 Svinevika;Svinevika;2509;PXL_20241226_141503644.jpg;59.052544, 10.226386;1200 mL;Ny lokasjon på strand pga glatte svaberg og bruker dette stedet her etter. Det var litt bølger på stranden så det kom en del partikler og sand i vannprøven. Vannprøven sto et par minutter så det meste sank til bunnen før sprøyten ble fylt, men så tydelig sand i filteret. Håper det går bra.
2024-12-26T16:30;;Sandefjord1 Tangen;Tangen;2546;;59.096814, 10.249186;1200 mL;
2025-01-01T14:00;2025-01-02T07:30;Færder;Tønsberg_1;2508;2BA8FFB0-F568-4778-AB0B-91B4415612E1.jpeg;59.1725882, 10.4470931;1200 mL;
2025-01-05T16:00;2025-01-09T16:00;Lysaker;Indre_Vest_1;2034;IMG_5834.jpeg;(59.9095186, 10.6429695);;
2025-01-05T12:00;2025-01-09T12:00;Sætre 5;Sætre 5;2539;2539.jpg;59.664453255329, 10.600799172270065;1200ml;tatt helt inne ved land
2025-01-07T15:00;2025-01-09T12:00;Sætre 4;Sætre 4;2519;2519.jpg;59.66611648760785, 10.585397899619878065;1200ml;Is sørpe
2025-01-07T15:20;2025-01-09T12:00;Sætre 3;Sætre 3;2544;2544.jpg;59.67569699659616, 10.56700741694163919878065;1200ml;svak strøm ut (0,5 knop)
2025-01-07T15:45;2025-01-09T12:00;Sætre 2;Sætre 2;2292;;59.68304076089279, 10.543564160340745;1200ml;ingen strøm
2025-01-07T16:10;2025-01-09T12:00;Sætre 1;Sætre 1;2296;2296.jpg;59.684427160560716, 10.541836817721364;1200ml;Det manglet filter i settet så bare vannprøve i Falcon rør var mulig
2024-01-09T11:18;2024-01-10T12:00;Fredrikstad;Engelsviken_4;2042;IMG_3333.JPG;59.217600, 10.690560;20 gjennomsprutninger;
2024-01-09T11:48;2024-01-10T12:00;Fredrikstad;Engelsviken_5;2027;IMG_3334.JPG;59.177951, 10.717912;20;
2025-01-11T14:36;2025-01-13T12:00;Larvik;Larvik_12131;;IMG_20250111_143041193.jpg;59.027449,10.066951;;
2025-01-11T15:32;2025-01-13T12:00;Larvik;Larvik_2;2512;IMG_20250111_152931554.jpg;59.023230,10.095927;;
2025-01-11T15:00;2025-01-14T16:00;Kollektivbrygga, Nesoddtangen;indre_vest_3;2526;IMG_20250111_154633_resized_20250111_034654600.jpg;N6644910.21 Ø256815.85;;Måtte fylle på med ekstra etanol fra ekstrautstyret, fordi det lakk ut noe. Håper det var nok fylt på.
2025-01-13T11:30;2025-01-14T09:30;Hellviktangen, Nesodden;Bunnefjorden_5;2287;IMG_20250113_121557_resized_20250113_121618422 Nr[REDACTED_PHONE]-2025.jpg;N6642685.93 Ø258538.41;;Prøven 2526 fra meg sendes samtidig med denne 14.01. kl.09:30. Ikke kl.16.00 som jeg skrev i skjemaet i går. Veldig bra med et ekstra sett hansker, det blir så kaldt at jeg må ta pause i opptrekkingen. Da bytter jeg hansker samtidig.
2025-01-17T10:00;2025-01-17T15:00;Oslo;Bunnefjorden_6;2279;IMG_5067.jpeg;;1200;
2025-01-20T09:00;2025-01-20T16:00;Færder/Tjøme;Tønsberg_3;2249;vannprøve januar 2025.jpg;"59°03'25.7""N 10°24'40.0""E";1200 mL;Pga venting på nye prøvetakingssett/utfordrende vær/sykdom ble tidspunkt for prøvetaking for januar dessverre forskjøvet en del.
2025-01-21T10:30;2025-01-22T12:00;Horten;Horten-3;2520;IMG_9822.jpeg;59.36795 10.51493;;Prøven er tatt av Trine Flagstad, på vegne av Øyvind Wistrøm  trine.flagstad@gmail.com tlf[REDACTED_PHONE]
2025-01-21T12:30;2025-01-22T12:00;Horten;Horten-1;2548;IMG_9823.jpeg;59.38577 10.48004;;Prøven er tatt av Trine Flagstad på vegne av Øyvind Wistrøm.  trine.flagstad@gmail.com tlf[REDACTED_PHONE]
2025-01-18T10:00;;Bunnefjorden 2;?;2532;prøve1.jpg;59.830437, 10.761720;vi gjorde 20;sender i dag
2025-01-18T10:30;;Bunnefjorden 4;?;2523;prøve2.jpg;59.744890, 10.724783;gikk kun med 8;Da jeg kom hjem hadde endel av sjøvannet i falcon beholderen rent ut. beklager dette. hadde ikke skrudd på korken ordentlig, så det er mindre vann i den. Bildet er heller ikke tatt på stedet , men i etterkant(er det viktig?).Sender prøver i dag
2025-01-26T15:30;2025-01-27T16:00;Sandefjord2 Svinevika;Svinevika;2517;PXL_20250126_150751398-EDIT.jpg;59.052572, 10.226372;480 mL;Det var veldig mye partikler i vannet etter mye sjø de siste dagene og allerede etter 5. sprøyten var filteret nesten tett. Fikk med stor kraft presset gjennom 3 til, men da piplet det så vidt noen dråper ut. Det tok 35 min å ta disse 8 sprøytene og 20 sprøyter tar vanligvis 25-30 min.  60*8=480 mL
2025-01-26T17:00;2025-01-27T16:00;Sandefjord1 Tangen;Tangen;2516;PXL_20250126_163638694-EDIT.jpg;59.095658, 10.250183;1200 mL;Det var problematisk å sprøyte luft gjennom filteret på slutten. Det bygget seg opp trykk som måtte presses ut med stor kraft. Virket som det var noe som tettet filteret selv om det så klart og fint ut. Hadde ikke samme problem med prøven fra Svinevika.   Ingen partikler på denne siden av Sandefjordsfjorden i forhold til Svinevika der filteret gikk helt tett etter 8 60mL-sprøyter.   Har hatt prøvene 2546 og 2509 fra 26/12-2024 i kjøleskap til nå og sender de samtidig.
2025-01-28T14:00;2025-01-28T15:30;Moss;Rambergbukta;2381;20250128_150827.jpg;59.[REDACTED_PHONE].628949;1200;
2025-01-30T12:00;2025-01-31T12:00;Sætre 5;Sætre 5;2285;2285.jpg;59.66450162635713, 10.601018697970233;1200ml;strømskifte , litt strøm inn
2025-01-30T12:20;2025-01-31T12:00;Sætre 4;Sætre 4;2251;2251.jpg;59.66670431012146, 10.581939281597142;1080ml;filter gikk tett. Kom ikke langt nok inn i bukta grunnet is
2025-01-30T12:40;2025-01-31T12:00;Sætre 3;Sætre 3;2255;2255.jpg;59.67578707439962, 10.566739479467286;960ml;filter gikk tett.
2025-01-30T12:40;2025-01-31T12:00;Sætre 2;Sætre 2;2255;;59.67918847841621, 10.553268686789714;900ml;filter gikk tett, ikke strøm
2025-01-30T13:20;2025-01-31T12:00;Sætre1;Sætre1;2263;2263.jpg;59.68442478018237, 10.541805594232153;900ml;filter gikk tett. litt strøm ut
2025-02-02T14:00;2025-02-03T07:20;Færder;Tønsberg-1;2537;E0A24982-1C76-4C5A-B5DB-3D492E6DC7E3.jpeg;59.1725882, 10.4470931;1200 mL;"Jeg oppdaget at det rant ""klart"" vann fra et rør ut i sjøen få meter fra prøvestedet. Det har det tilsynelatende ikke gjort ved tidligere prøvetakinger. Er det noe å ta hensyn til?"
2025-02-03T11:00;2025-02-03T11:30;Holmestrand;Holmestrand 4 ( Snekkestad);2281;PXL_20250203_093250857.jpg;59,4610029, 10,3580907;1200 ml;
2025-02-05T12:30;2025-02-05T13:20;Bunnefjorden;Bunnefjorden_1;2522;IMG_5592.jpeg;(59.7224011, 10.7269786);Avviker ikke (1200ml);Fikk ikke tatt prøve på denne lokasjonen i januar pga is.
2025-02-03T18:00;2025-02-05T19:00;Lysaker;Indre_vest_1;2510;IMG_5843.jpeg;599095149 106429034;1200;
2025-02-07T13:25;2025-02-07T16:00;Larvik;Larvik_1;2529;IMG_20250207_132208416.jpg;59.027429,10.066925;;
2025-02-07T14:18;2025-02-07T16:00;Larvik;Larvik_1;2504;IMG_20250207_141622355.jpg;59.023155,10.095951;;
2025-02-07T13:00;2025-02-10T10:30;Nesodden, Hellviktangen;bunnefjorden_5;2506;IMG_20250207_142927_resized_20250207_022951792.jpg;N:6642685.93 Ø:258538.41;;
2025-02-07T14:00;2025-02-10T10:30;Nesodden, Kollektivbrygga, Nesoddtangen;indre_vest_3;2542;IMG_20250207_143853_resized_20250207_023912892.jpg;N:6644910.21 Ø:256815.85;;
2025-02-07T14:18;2025-02-07T16:00;Larvik;Larvik_2;2504;IMG_20250207_141622355.jpg;59.023155,10.095951;;Dette er 2.gangs innsending av skjema pga feil ved prøvetakingslokale. I forrige skjema sto det: Larvik_1. Det korrekte er Larvik_2
2025-01-11T14:36;2025-01-13T12:00;Larvik;Larvik_1;2131;IMG_20250111_143038315.jpg;59.027449,10.066951;;Dette er ny innsending av skjema for prøve ID 2131
2025-01-17T12:00;2025-01-20T16:00;Færder/Tjøme;Tønsberg_3;2245;vannprøve februar 2025.jpg;"59°03'25.7""N 10°24'40.0""E";1200 mL;
2025-02-09T18:00;;Oslofjorden;indre_øst_2 (Kongshavnveien);2521;2521.jpg;59.895903,10.754533;15;Vannet var veldig klart, og vi fikk besøk av en sel :) Flott kveld.
2025-02-16T15:30;2025-02-17T17:00;Sandefjord1 Tangen;Tangen;2553;SDK 250216 DNA-vannprøver Tangen #2553 - PXL_20250216_161359048.jpg;59.095808, 10.250128;1200 mL;Etiketten for filterprøven har papir bak som blir fuktig og vil ikke løsne så limet blir eksponert. Mulig det bør byttes til etiketter med plast?
2025-02-16T16:30;2025-02-17T16:00;Sandefjord2 Svinevika;Svinevika;2549;SDK 250216 DNA-vannprøver Svinevika #2549 - IMG_1885.jpg;59.052419, 10.226011;1200 mL;Minus -3 i lufta og 0 i sjøen. Stille og rolig med sol. Fungerte greit med to lag hansker. :-)
2025-02-19T12:00;2025-02-19T18:30;Horten;Horten-3;2261;IMG_9854.jpg;59.36795  10.51493;;Gjennomført av Trine Flagstad, på vegne av Øyvind Wistrøm
2025-02-19T14:00;2025-02-19T18:30;Horten;Horten-1;2253;IMG_9853.jpg;59.38577  10.48004;;Utført av Trine Flagstad, på vegne av Øyvind Wistrøm  [REDACTED_EMAIL]
2025-02-20T17:30;2025-02-20T18:00;Oslo;Indre_øst_1;2505;IMG_9296.jpeg;(59.9012834, 10.7498368);1200mL;Klistrelappene med prøvenr til filteret fungerer ikke
2025-02-15T15:30;2025-02-20T18:00;Oslo;Indre_øst_3;2534;IMG_9262.jpeg;(59.8874331, 10.7334451);1200;
2025-02-15T13:30;2025-02-22T14:00;Holmestrand;Holmstrand_2;2028;Filter 2028.JPG;59.546469, 10.250269;Fikk til 20 gjennomsprutingeor;Det var fortsatt en del is i Sandebukta, så jeg måtte gå ca 50 møter sør for ønsket lokasjon. Det var en del slusj i vannet og vanskelig å få til en god prøve. Det blir nok bedre utover vinter og vår når isen går.
2025-02-15T14:30;2025-02-22T14:00;Holmestrand;Holmestrand_1;2143;Filter 2143.JPG;59.556441, 10.240154;Fikk tatt 20 gjennomsprutninger;Det var is inne ved lokalitet Holmestrand_1, så jeg måtte gå litt lenger ut i bukten. Kanskje 200 meter fra ønsket område. Jeg vil prøve å ta prøve lenger inn i bukta neste måned når det kanskje er mindre is. Men, det var klart og fint vann der jeg tok prøve.
2025-02-24T12:20;2025-02-24T19:00;Oslo;Bunnefjorden_6;2538;image.jpg;;1200;
2025-02-27T15:00;;Moss;Rambergbukta;2572;20250227_153956.jpg;59.466543,10.628959;1200;
2025-03-02T15:00;2025-03-03T09:00;Hundsund;Indre_vest_2;2589;IMG_2248.jpeg;(59.8879512, 10.5910215);120ml;Filteret gikk tett med en gang veldig mye is og åpen råk men vannet var preget av is og sedimenter, fikk presset 2x60ml
2025-03-02T16:00;2025-03-03T09:00;Lysaker;Indre_vest_1;2575;IMG_2249.jpeg;(59.9093561, 10.6428850);;
2025-03-01T15:00;2025-03-03T07:15;Færder;Tønsberg-1;2586;906F7458-6FDF-41AE-8138-46A1767E6E0D.jpeg;59.1725882, 10.4470931;780 mL;Grumsete vann. Vanskelig å presse vann gjennom filteret.
2025-02-27T12:26;2025-03-03T11:41;Fredrikstad;Engelsviken 4;2123;IMG_4223.JPG;"59°13'03.7""N 10°41'24.1""E";Ingen avvik;
2025-02-27T13:00;2025-03-03T12:00;Fredrikstad;Engelsviken 5;2010;IMG_4224.JPG;59.178122, 10.716454;Ingen avvik;
2025-03-03T13:00;2025-03-03T14:15;Bunnefjorden;Bunnefjorden_1;2590;IMG_5612.jpeg;(59.7224293, 10.7269065);Avvik: kun 15 gjennomsprutninger;
2025-03-05T11:00;2025-03-05T17:00;Færder/Tjøme;Tønsberg_3;2581;vannprøve mars 2025.jpg;"59°03'25.7""N 10°24'40.0""E";1200 mL;Det er utfordrende å få av klistrelapp med prøvenummer med hansker på, papiret henger igjen bakpå og det er vanskelig å skille klistrelappen fra papiret det sitter på. Forslag om å teste en annen type klistrelapp med prøvenummer som er litt lettere å få av papiret.
2025-03-07T12:20;2025-03-07T16:00;Larvik;Larvik_1;2308;IMG_20250307_122247225.jpg;59.027464,10.066938;15 gjennomsprøytinger;Det var mye partikler i vannet i dag. Uklar sikt.
2025-03-07T13:49;2025-03-07T16:00;Larvik;Larvik_2;2312;IMG_20250307_134928549.jpg;59.023233,10.095933;;
2025-03-08T11:45;2025-03-10T11:30;Hellviktangen, Nesodden;bunnefjorden_5;2593;IMG_20250308_133557_resized_20250308_013805699.jpg;N6642685.93 Ø258538.41;900 ml;Det gikk så innmari tregt at jeg dessverre måtte gi opp etter 15 ganger, derfor kun 900 ml.
2025-03-08T12:45;2025-03-10T11:30;Kollektivbrygga, Nesoddtangen;indre_vest_3;2594;IMG_20250308_134101.jpg;N6644910.21 Ø256815.85;900 ml;Det gikk så veldig tregt at jeg klarte bare 15 ggr, derfor bare 900 ml. Ellers: Fint med store hansker, da blir det god plass til vanter inni når det er så kaldt. Men til sommeren er det fint å få noen mindre, så det ikke blir så fumlete.
2025-03-08T11:00;;Sætre5;Sætre5;2599;2599.jpg;59.66453792605662, 10.600816249298218;1200ml;
2025-03-08T11:30;;Sætre4;Sætre4;2571;2571.jpg;59.666111180703616, 10.585173725411485;1200ml;
2025-03-08T12:00;;Sætre3;Sætre3;2600;2600.jpg;59.675658414746096, 10.566433976346387;1200ml;
2025-03-08T12:30;;Sætre2;Sætre2;2570;2570.jpg;59.67865529349324, 10.55312207825496;900ml;
2025-03-08T12:50;;Sætre1;Sætre1;2570;2598.jpg;59.68422009932073, 10.54170866564855;720ml;
2025-03-10T13:00;2025-03-10T13:30;Holmestrand;Holmestrand 4 ( Snekkestad);2271;PXL_20250310_115225669.jpg;59,4610029, 10,3580907;1200 ml;
2025-03-11T12:00;;Karlsøy brua;Hvaler 5;2597;IMG_0611.jpeg;(59.1541676, 11.1437181);16;Korken ble borte i snøen, så la filteret i en ren hanske.
2025-03-18T18:30;2025-03-19T15:50;Oslofjorden;Oslo;2595;20250318_141703.jpg;59.895947,10.754804;8;
2025-03-14T15:30;2025-03-19T18:30;Oslo;Indre_øst_3;2269;IMG_9399.jpeg;(59.8874150, 10.7334287);1200 mL;
2025-03-15T12:00;2025-03-19T18:30;Oslo;Indre_øst_1;2273;IMG_9411.jpeg;(59.9013321, 10.7497637);1200 mL;Veldig kaldt, måtte ta av/på hansker et par ganger..
2025-03-23T08:30;;Bunnefjorden 4;X;2527;8D4DD156-2D0A-4DC8-8839-B516EF033712.jpeg;https://maps.app.goo.gl/955QaDqFTkRVUniaA?g_st=i&utm_campaign=ac-im;Kun 8;
2025-03-22T09:00;;Bunnefjorden 2;X;2325;BCC21EFF-B157-46E8-86F6-1571E0DA7C7D.jpeg;(59.8303625, 10.7616700);20;
2025-03-22T18:30;;Sandefjord2 Svinevika;Svinevika;2582;SDK 250322 eDNA-vannprøve 05 Svinevika #2582 - PXL_20250322_175051530.jpg;59.052492, 10.226761;600 mL;Sjøvann var grumsete. Mulig på grunn av arbeider med avløp/vann. Det lå sluse lenger ut i bukten og var nylig gravd igjen grøft ned mot sjøen.  Filter ble tettere etter 5 x 60 mL og det tok veldig lang tid med de neste 5 x 60 mL. Det tok 50 min for 10 x 60 mL.  NB: Prøverør for vann var antagelig merket med vannbasert tusj som forsvant delvis under prøvetaking.
2025-03-22T20:00;;Sandefjord1 Tangen;Tangen;2585;SDK 250322 eDNA-vannprøve 05 Tangen # 2585 - PXL_20250322_190024026.jpg;59.095669, 10.250392;600 mL;Jeg glemte meg bort og tok kun 10 x 60 mL pga det tok så lang tid på forrige lokasjon. Til sammenlikning tok denne prøven kun 15 min og den andre på Tangen 50 min pga at filteret gikk tett av partikler i vannet.   Det fungerer veldig bra med to par store handsker når det kald. Takker for det. :-)  NB. Det er mulig brukt vannbasert tusj på prøveglass så merking forsvant og merkelapp for filter ble vått så bakpapiret tok med seg deler av både papiretiketten og limet. Etiketten festet seg ikke til filteret og det ble merket med sprittusj.
2025-03-19T18:00;2025-03-20T11:00;Horten;Horten-3;2583;IMG_9926.jpeg;59.36795  10.51493;;
2025-03-25T11:00;;Moss;Moss_2;2377;20250325_112751.jpg;59.466493, 10.628981;1200;
2025-03-26T14:15;2025-03-26T17:00;Horten;Horten-1;2578;Image_250326_151608.jpeg;59.38577  10.48004;;
2025-03-31T13:00;2025-03-10T12:30;Holmestrand;Holmestrand 4 ( Snekkestad);2584;PXL_20250331_100945482.jpg;59,4610029, 10,3580907;1200 ml;
2025-03-31T16:00;2025-04-01T08:00;Lysaker;Indre_Vest _1;2644;IMG_2491.jpeg;(59.9095221, 10.6428897);1200 mo;
2025-03-31T17:00;2025-04-01T08:00;Snarøya;Indre_Vest_2;2623;IMG_2492.jpeg;(59.8882523, 10.5916699);1200 ml;
2025-04-02T17:00;2025-04-03T17:00;Færder/Tjøme;Tønsberg_3;2625;vannprøve april 2025.jpg;"59°03'25.7""N 10°24'40.0""E";660 mL;Det var mye partikler i vannet, så jeg fikk ikke til mer enn 11 gjennomsprutninger før filteret gikk helt tett.
2025-04-06T16:00;2025-04-07T10:30;Nesoddtangen, Kollektivbrygga;indre_vest_3;2643;IMG_20250406_175406.jpg;N6644910.21 Ø256815.85;;
2025-04-06T16:45;2025-04-07T10:30;Nesodden, Hellviktangen;bunnefjorden_5;2647;IMG_20250406_175316.jpg;N6642685.93 Ø258538.41;;
2025-04-05T11:45;2025-04-07T07:10;Færder;Tønsberg-1;2630;42DB04EE-DF68-4D37-8BE2-55700BE85B40.jpeg;59.1725882, 10.4470931;1200 mL;
2025-04-08T15:00;2025-04-08T15:30;Bunnefjorden;Bunnefjorden_1;2633;IMG_5654.jpeg;(59.7224286, 10.7269713);(Avviker ikke);
2025-04-08T17:00;2025-04-09T12:00;Larvik;Larvik_2;2579;IMG_20250408_164946672.jpg;59.023218,10.095931;;Grunnet sykdom ble prøven utført den 8, ikke 7, som var planlagt.
2025-04-08T18:17;2025-04-09T12:00;Larvik;Larvik_2;2565;IMG_20250408_181526781.jpg;59.027436,10.066880;;Grunnet sykdom ble prøven utført en dag senere enn vanlig.
2025-02-17T17:05;2025-04-08T22:00;Huk;Indre_øst_4;2525;;59.895720, 10.674122;;
2025-03-09T15:00;2025-04-08T22:00;Høyerholmen;Indre_vest_4;2541;17441412477218329098607489101775.jpg;59.8521583, 10.5583837;17;
2025-04-06T14:38;2025-04-08T22:00;Høyerholmen;Indre_vest_4;2639;17441422001674118219660558802543.jpg;59.852720, 10.555753;;
2025-04-08T16:40;2025-04-09T15:00;Ailo fiskeplass;Sætre5;2618;2618.jpg;59.664566804413596, 10.60087870325165;1200ml;
2025-04-08T16:55;2025-04-09T15:00;Sandspollen;Sætre4;2612;2612.jpg;59.66616064109933, 10.585154604507952;1200ml;
2025-04-08T17:15;2025-04-09T15:00;Furuholmen;Sætre3;2562;2562.jpg;59.67590134271637, 10.566601657940991;1200ml;
2025-04-08T17:30;2025-04-09T15:00;Chemring;Sætre2;2566;2566.jpg;59.682812496058446, 10.543648029768962;1200ml;
2025-04-08T17:50;2025-04-09T15:00;Dynea;Sætre1;2563;2563.jpg;59.68409145029025, 10.541507681800319;1200ml;
2025-04-11T17:00;2025-04-14T11:00;Oslo;Indre Øst_2;2518;17446194755756887330227399979021.jpg;59.895875,10.754603;420;"Det vil si 7 gjennomsprutninger.(matte kunnskapene er litt usikre ;)"
2025-04-21T17:30;;Bunnefjorden 2;X;2278;IMG_0122.jpeg;(59.8304683, 10.7617411);20;
2025-04-24T10:30;2025-04-24T16:00;Oslo;Bunnefjorden_6;2652;image.jpg;;1200;
2025-04-26T15:25;;Moss;Moss_2;2241;20250426_165001.jpg;59.466614,10.628867;1200;
2025-04-29T11:45;2025-04-30T10:00;Horten;Horten-3;2617;Horten3.jpg;59.36795 10.51493;;Det var store mengder steinkobbe i området på sørvestsiden av Bastøya, svært nær Horten-03. Jeg telte ca 50 sel, mens jeg vanligvis ser fra et par til ca 20.
2025-04-29T13:30;2025-04-30T10:00;Horten;Horten-1;2610;Horten1.jpg;59.38577 10.48004;;
2025-05-05T12:00;2025-05-05T14:00;Holmestrand;Holmestrand 4 ( Snekkestad);2573;PXL_20250505_102122781.jpg;59,4610029, 10,3580907;1200 ml;
2025-04-29T16:00;2025-05-02T15:00;Oslo;Indre_øst_3;2596;IMG_9762.jpeg;;1190;
2025-05-02T14:00;2025-05-02T15:00;Oslo;Indre_øst_1;2592;IMG_9779.jpeg;(59.9012849, 10.7498582);;
2025-05-07T15:09;2025-05-08T12:00;Larvik;Larvik_1;N2660;IMG_20250507_150757659_BURST000_COVER.jpg;59.027439,10.067017;Negativ prøve;Håper testen ble korrekt utført.
2025-05-07T15:35;2025-05-08T12:00;Larvik;Larvik_2;2698;IMG_20250507_153317931.jpg;59.027381,10.066937;;
2025-05-07T16:22;2025-05-08T12:00;Larvik;Larvik_2;2691;IMG_20250507_161809548.jpg;59.023225,10.095948;;
2025-05-08T12:00;2025-05-08T14:00;Oslo fjorden;indre_øst_2;N2662;9ada56be-2297-4e9f-8762-be839896cf82.jpeg;"59°53'45.5""N 10°45'17.8""E";250 mL;Pakken fra posten med utstyr N2662 var noe av utstyret ødelagt, så falcon røret lånte jeg fra pakken 2611. Derfor er det skrevet med blått over 2611 og skrevet over med N2662. Håper dette går bra.
2025-05-08T16:00;2025-05-09T09:00;Lysaker;Indre_vest_1;2701;IMG_2676.jpeg;(59.9091266, 10.6428709);1200;
2025-05-08T17:00;2025-05-09T09:00;Fornebu;Indre_vest_2;2703;IMG_2677.jpeg;(59.8882242, 10.5915013);1200;
2025-05-08T17:00;2025-05-09T09:00;Fornebu;Indre_vest_2;N-2664;IMG_2678.jpeg;(59.8882242, 10.5915013);200ml;Negativ test foretatt med tilsendt vann
2025-04-24T11:07;2025-06-09T10:44;Fredrikstad;Engelsviken_4;2635;IMG_5453.JPG;59.217690, 10.689536;1200;Prøven har blitt oppbevart kaldt frem til sending
2025-04-24T12:00;2025-05-09T10:51;Fredrikstad;Engelsviken_5;2044;IMG_5454.JPG;59.178043, 10.718092;1200;Prøven er oppbevart kaldt frem til sending
2025-05-09T17:00;2025-05-10T11:00;Hellviktangen, Nesodden;bunnefjorden_5;2716;IMG_20250509_184030.jpg;N6642685.93 Ø258538.41;;
2025-05-09T18:00;2025-05-10T11:00;Kollektivbrygga, Nesoddtangen brygge;indre_vest_3;2636;IMG_20250509_184044.jpg;N6644910.21 Ø256815.85;;
2025-05-09T17:30;2025-05-10T11:00;Hellviktangen, Nesodden;bunnefjorden_5;N2674;IMG_20250509_184128.jpg;N6642685.93 Ø258538.41;;Det manglet propp i posen, hadde i reserveposen, så ok. Fikk ikke med N (7674) på bildet, limet er dårlig på klistrelappene.
2025-05-11T13:30;2025-05-12T07:15;Færder;Tønsberg-1;2692;696B1EB9-CA42-47CD-A317-4F0CC0185B83.jpeg;59.1725882, 10.4470931;1200 mL;
2025-05-11T13:30;2025-05-12T07:15;Færder;Tønsberg-1;N2656;8133A74C[REDACTED_PHONE]-8271-3C5D66CD44EB.jpeg;59.1725882, 10.4470931;240 mL;Negativ kontroll.
2025-05-13T16:00;2025-05-14T15:00;Dynea;Sætre1;2709;1305s1.jpg;59.68411594925147, 10.541553725785795;1200ml;
2025-05-13T14:40;2025-05-14T15:00;Chemring;Sætre2;2705;1305s2.jpg;59.679113632054495, 10.551689339867044;1200ml;
2025-05-13T15:30;2025-05-14T15:00;Furuholmen;Sætre3;2712;1305s3.jpg;59.67571915929505, 10.56636200976554;1200ml;
2025-05-13T15:00;2025-05-14T15:00;Furuholmen;Sætre3N;N2664;1305s3n.jpg;59.676019792427624, 10.565640262583786;240ml;
2025-05-13T14:20;2025-05-14T15:00;Sandspollen;Sætre4;2704;1305s4.jpg;59.676019792427624, 10.565640262583786;240ml;
2025-05-13T13:45;2025-05-14T15:00;Ailo fiskeplass;Sætre5;2718;1305s5.jpg;59.664530833279144, 10.600974136707961;240ml;1 knop strøm ut
2025-05-15T11:00;2025-05-15T14:30;Bunnefjorden;Bunnefjorden_1;N 2670;IMG_5725.jpeg;(59.7223848, 10.7269726);Negativ kontroll;
2025-05-15T11:30;2025-05-15T14:30;Bunnefjorden;Bunnefjorden_1;2627;IMG_5728.jpeg;(59.7223848, 10.7269726);600 ml (mye vind og synlig grumsete vann);Fulgte ikke med nummermerkelapp til filteret i pakken, så bildet er tatt med nummeret på posen bak.
2025-05-19T17:00;2025-05-24T17:00;Oslo;Indre_øst_3;2620;IMG_0040.jpeg;(59.8874259, 10.7333982);1200;Det var mye bølger på prøvetidspunktet, så jeg måtte ta prøvene på grunt vann. Det så ut som det var mye sedimenter fra bunnen som virvlet opp.
2025-05-24T13:30;2025-05-24T17:00;Oslo;Indre_øst_1;2649;;(59.9012822, 10.7498626);1200;Den lille hvite flasken er vann som har vært gjennom filteret.  Usikker på om det påvirker prøven. Jeg mistolket e-posten som beskrev de nye prøvene, trodde det var 1 og ikke 2!
2025-05-25T15:36;2025-05-26T00:00;Høyerholmen;Indre_vest_4;2624;17482045674214132090825482650878.jpg;59.852373,10.556627;;
2025-05-26T17:16;2025-05-27T00:00;Hukodden;Indre_øst_4;2536;17482834609195881552566381135473.jpg;59.8950358, 10.6785269;;
2025-05-26T14:00;2025-05-26T16:00;Færder/Tjøme;Tønsberg_3;2661;negativ kontroll mai.jpg;"59°03'25.7""N 10°24'40.0""E";alt av vann som ble sendt i negativ kontroll;Som informert på epost til Heidi ble det dessverre fylt sjøvann og ikke vannet som ble sendt med som negativ kontroll i falkon-røret.
2025-05-26T14:00;2025-05-26T16:00;Færder/Tjøme;Tønsberg_3;2770;vannprøve mai 2025.jpg;"59°03'25.7""N 10°24'40.0""E";1200 mL;
2025-05-29T10:45;;Horten;Horten-3;2629;IMG_0146.jpg;59.36795 10.51493;;
2025-05-29T11:15;;Horten;Horten-1;2686;IMG_0145.jpg;59.38577 10.48004;;Det har vært mye urolig sjø en stund. Vannet var litt grumset, sannsynligvis fordi det virvler opp fra bunnen.
2025-05-29T15:00;;Horten;Horten-1;N-2688;IMG_0148.jpg;;;Hvor mye vann må gjennom filteret? Må sprøyta skylles på forhånd? Da brukes jo en del av den relativt lille vannmengden opp til det. Glemte meg og brukte alt vannet til skylling av sprøyte og til sprøyting gjennom filteret. Glemte å fylle Falconrøret og den lille flaska. Beklager.
2025-05-30T12:30;;Moss;Moss_2;2502;20250530_125732.jpg;59.466623,10.628850;1200;
2025-05-30T13:10;;Moss;Moss_2;N2653;20250530_131856.jpg;59.466623,10.628850;250;
2025-06-01T17:00;2025-06-02T07:10;Færder;Tønsberg-1;2515;EF2A9F66-7F14-4DFE-BBF8-AFF91A67772D.jpeg;59.1725882, 10.4470931;1200 mL;
2025-06-02T10:00;2025-06-02T11:30;Bunnefjorden;Bunnefjorden_1;2524;IMG_5739.jpeg;(59.7223947, 10.7270571);1200 ml;
2025-06-02T12:00;2025-06-02T14:00;Holmestrand;Holmestrand 4 ( Snekkestad);N 2666;PXL_20250602_103352075.jpg;59,4610029, 10,3580907;X ml;
2025-06-02T12:00;2025-06-02T14:00;Holmestrand;Holmestrand 4 ( Snekkestad);2711;PXL_20250602_105035600.jpg;59,4610029, 10,3580907;1200 ml;
2025-06-06T16:30;2025-06-09T11:00;Nesoddtangen brygge, Kollektivbrygga;indre_vest_3;2679;IMG_20250606_173310.jpg;N6644910.21 Ø256815.85;;
2025-06-06T15:45;2025-06-09T11:00;Nesodden, Hellviktangen;bunnefjorden_5;2626;IMG_20250606_174302_resized_20250606_054319952.jpg;N6642685.93 Ø258538.41;;
2025-06-07T16:28;2025-06-10T12:00;Larvik;Larvik_1;2551;IMG_20250607_162244837.jpg;59.027429,10.066961;;Pga.pinsen blir prøvene sendt først tir.10.06. De vil bli oppbevart i kjøleskap frem til da.
2025-06-07T17:12;2025-06-10T12:00;Larvik;Larvik_2;2567;IMG_20250607_171024789.jpg;59.023232,10.095952;;Prøvene blir sendt inn tir. 10.06.25, og blir oppbevart i kjøleskap i mellomtiden.
2025-06-09T11:30;2025-06-09T14:00;Bunnefjorden_3;NFR rør;2707;17494633532791634799909776437582.jpg;59,766771/10,72452;;
2025-06-09T14:00;2025-06-10T08:00;Storøya Fornebu;Indre_Vest_2;2259;IMG_2912.jpeg;59,88784° N, 10,59153° Ø;1200 ml;Forsinket juni prøve pga ferie
2025-06-16T12:30;2025-06-10T08:00;Lysaker Brygge;Indre_Vest_1;2247;IMG_2911.jpeg;59,90947° N, 10,64277° Ø;1200 ml;Forsinket juni pga ferie
2025-06-06T17:10;2025-06-11T15:00;Dynea;Sætre 1;2650;sætre1.jpg;59.68411156303232, 10.5414433264845;1200;
2025-06-06T17:00;2025-06-11T15:00;Chemring;Sætre 2;2694;sætre2.jpg;59.68261896261956, 10.543397669136164;1200;
2025-06-06T16:40;2025-06-11T15:00;Furuholmen;Sætre 3;2614;sætre3.jpg;59.675528711978494, 10.567405373346075;1200;
2025-06-06T16:15;2025-06-11T15:00;Sandspollen;Sætre 4;2684;sætre4.jpg;59.66617252081973, 10.584817526238847;1200;
2025-06-06T16:00;2025-06-11T15:00;Ailo fiskeplass;Sætre 5;2710;sætre 5 .jpg;59.664533983414756, 10.601018979545843;1200;
2025-06-30T12:30;2025-06-30T13:30;Oslo;Bunnefjorden_6;2708;IMG_6271.jpeg;;1200;
2025-06-27T10:45;2025-06-28T09:00;Horten;Horten-3;2696;IMG_0222.jpg;59.36795 10.51493;;God sommer!!
2025-06-27T11:30;2025-06-27T14:00;Horten;Horten 1;2678;IMG_0220.jpg;59.38577 10.48004;;Både denne prøven (2678) og prøvenr 2696 ble postlagt samtidig, 27.06.2025 kl 14.00. Jeg har oppgitt feil tidspunkt for postlegging på registreringsskjemaet for 2696. God sommer!!
2025-06-30T14:00;2025-07-01T16:00;Færder/Tjøme;Tønsberg_3;2560;vannprøve juni 2025.jpg;"59°03'25.7""N 10°24'40.0""E";960 mL;
2025-06-24T17:00;2025-07-01T16:00;Oslo;Indre_øst_3;N 2672;IMG_0242.jpeg;(59.8874893, 10.7334119);1200;Jeg fikk ikke tatt negativ kontroll, var for rask med å fylle filteret med sprit. Hvit flaske fulgte ikke med til fosfor-test
2025-07-01T15:30;2025-07-01T17:00;Oslo;Indre_øst_1;2634;IMG_0299.jpeg;(59.9012827, 10.7498465);1200;Negativ test fulgte ikke med
2025-07-02T12:00;2025-07-02T13:30;Holmestrand;Holmestrand 4 ( Snekkestad);2622;juli.jpg;59,4610029, 10,3580907;1200 ml;
2025-06-02T21:00;2025-07-04T13:00;Holmestrand;Holmestrand-2;2118;Prøve-2118.JPG;59.546528, 10.250111;20;
2025-06-02T20:30;2025-07-04T13:00;Holmestrand;Holmestrand-1;2037;Prøve-2037.JPG;59.556428, 10.238844;20;
2025-08-01T13:00;2025-08-01T14:00;Holmestrand;Holmestrand 4 ( Snekkestad);2588;PXL_20250801_110003202.jpg;59,4610029, 10,3580907;1200 ml;Dette var siste sett med utstyr til prøvetaking jeg har, sender dere noe nytt ?
2025-08-10T13:00;2025-08-14T06:00;Indre del av Kambo;KAMBO;2277;17551010900482047314795748903940.jpg;59.436516,10.655230;20 ganger 60;Vi tok prøven innerst i Moss av praktiske grunner og den har desverre stått et par dager i romtemp. Vi sender den allikevel og håper dere kan bruke den
2025-08-09T15:00;2025-08-15T14:00;Oslo fjorden;indre_øst_2;2533;1274c901-80b4-4631-989b-ae14e6a5313b.jpg;"59°53'45.5""N 10°45'17.8""E";480 mL;Det ble totalt 8 gjennom sprøytninger.  Mvh Pia Christine Bjerge
2025-08-18T11:07;2025-08-27T12:00;Fredrikstad;Engelsviken_4;2676;;"59°13'04.0""N 10°41'31.6""E";Ingen avvik;
2025-08-19T10:41;2025-09-27T12:00;Fredrikstad;Engelsviken_5;2685;;59.176875, 10.720163;Ingen avvik;
2025-09-16T16:30;2025-09-17T14:00;Kollektivbrygga, Nesoddtangen brygge;indre_vest_3;2781;IMG_20250916_170828.jpg;N6644910.21 Ø256815.85;Kun 10 ggr pga tett filter;
2025-09-16T11:00;2025-09-17T14:00;Hellviktangen, Nesodden;bunnefjorden_5;2291 ekstra;IMG_20250917_115341.jpg;N6642685.93 Ø258538.41;Kun 13 ggr pga tett filter;Brukte et ekstrasett, der var det ikke noen beholder med rødt lokk for 5 ml vann, derfor mangler denne.
2025-09-17T14:00;2025-09-17T15:10;Færder;Tønsberg-1;2738;IMG_1205.jpeg;59.1725882, 10.4470931;1200 mL;
2025-09-22T12:30;2025-09-22T13:30;Bunnefjorden;Bunnefjorden_1;2780;IMG_6148.jpeg;https://maps.app.goo.gl/FurTJSxTxBDPoh5D9?g_st=ipc;600 ml;Klarte bare 10 gjennomsprutninger. Synlig grumsete vann.
2025-09-22T17:30;2025-09-23T09:00;Oslo;Indre_øst_3;2755;IMG_1210.jpeg;(59.8879828, 10.7333150);600;Prøven ble tatt fra land, litt grunt vann. Har regnet mye, ekstra mye sedimenter.
2025-09-22T17:55;;Bunnefjorden_3;NFRrør;2778;PXL_20250922_162533943.jpg;59,7667771/10,72452;480ml;
2025-08-07T16:00;2025-08-15T14:00;Oslo fjorden;indre_øst_2;2777;Vannprove.jpg;"59°53'45.5""N 10°45'17.8""E";8;
2025-09-26T17:00;2025-09-26T18:00;Oslo;Indre_øst_1, Sørenga;2758;IMG_1243.jpeg;(59.9013064, 10.7498156);1200;
2025-09-25T15:30;2025-09-25T16:30;Færder/Tjøme;Tønsberg_3;2737;Vannprøve sept 25.jpg;"59°03'25.7""N 10°24'40.0""E";720 mL;Mye små dyr i vannet gjorde at filteret gikk tett ganske kjapt.
2025-09-27T10:45;2025-09-29T15:00;Ailo fiskeplass;Sætre 5;2769;s52709.jpg;59.66451270201364, 10.600974067724088;1200;1/2 knop ut fjorden
2025-09-27T11:45;2025-09-29T15:00;Sætre 4  Sandspollen;Sætre 4;2757;s42709.jpg;59.66614833731486, 10.585545537464288;1200;
2025-09-27T12:00;2025-09-29T15:00;Sætre 3  Furuholmen;Sætre 3;2745;sætre3.jpg;59.67587477317065, 10.566794627233055;1200;1/4 knop ut fjorden
2025-09-27T12:20;2025-09-29T15:00;Sætre 2  Chemring;Sætre 2;2768;s22709.jpg;59.67769426928914, 10.5529786665543;1200;1/4 knop ut fjorden
2025-09-27T12:40;2025-09-29T15:00;Sætre 1  Dynea;Sætre 1;2756;s12709.jpg;59.68414491404086, 10.541547669124819;1200;1/4 knop ut fjorden
2025-09-29T12:45;;Horten;Horten-3;2765;horten3 (2).jpg;59.36795  10.51493;820ml (nesten tett, hadde med en 1l flaske. Det ble litt for lite.;mye brunt vann i området
2025-09-29T14:45;;Horten;Horten-1;2730;horten1 (2).jpg;59.38577  10.48004;960ml  tett;mye brunt vann i området
2025-10-01T13:00;2025-10-01T14:00;Holmestrand;Holmestrand 4 ( Snekkestad);2735;PXL_20251001_121710607.jpg;59,4610029, 10,3580907;1200 ml;Tomt for prøveutstyr
2025-10-08T13:00;2025-10-08T14:30;Færder;Tønsberg-1;2782;IMG_1291.jpeg;59.1725882, 10.4470931;1200 mL;
2025-10-08T10:30;2025-10-08T14:30;Oslo;Bunnefjorden_6;2787;thumbnail_IMG_0328.jpg;59.880840, 10.763964;1200 mL;Slet litt med klareringsvæsken og korkene. Vet ikke om det var noe feil eller jeg surret det til i dag.
2025-10-09T10:00;2025-10-09T21:00;Bunnefjorden_3;NFRrør;2608;PXL_20251009_191954755.jpg;59,766771/10,72452;840;
2025-09-14T13:00;2025-10-11T14:00;Moss havn;MOSS_1;2576;20250914_145627.jpg;59.435829,10.654633;900 mL;Svært hardt å presse igjennom vann. Den ble tett. Prøven har vært lagret +4 C siden den ble tatt.
2025-10-13T12:30;2025-10-13T15:00;Larvik;Larvik_1;2776;IMG_20251013_123629779.jpg;59.027460,10.066968;12 gjennomsprutninger;
2025-10-13T13:40;2025-10-13T15:00;Larvik;Larvik_2;2734;IMG_20251013_133942108_HDR.jpg;59.023123,10.096037;;
2025-10-16T12:30;2025-10-17T11:00;Kollektivbrygga, Nesoddtangen Brygge;indre_vest_3;2786;IMG_20251016_134625.jpg;N6644910.21 Ø256815.85;;Husket ikke hvor mange ml sjøvann som skulle i den lille hvite beholderen, tok nok litt for mye. Ser i ettertid at den skulle være 5 ml.
2025-10-14T10:14;2025-10-17T12:00;Fredrikstad;Engelsviken 5;2763;IMG_9471.JPG;59.176494, 10.719313;1200ml;
2025-10-14T11:30;2025-10-17T12:00;Fredrikstad;Engelsviken_4;2770;IMG_9470.JPG;59.214106, 10.696444;1200 ml;
2025-10-17T10:30;2025-10-17T14:00;Hellviktangen, Nesodden;bunnefjorden-5;2681;IMG_20251017_115856.jpg;N6642685.93 Ø258538.41;;
2025-10-18T14:00;2025-10-18T15:00;Bunnefjorden;Bunnefjorden_1;2628;IMG_6165.jpeg;https://maps.app.goo.gl/nG4SWoSet2ZAqNkA8?g_st=ipc;1200 ml;
2025-10-15T16:14;;Færder;Mågerø;2677;IMG_6693.jpg;59.07.539N 10.36.205Ø;20;Hadde kun gammelt skriv ved prøvetakning nr. 1 og fikk derfor ikke fylt den hvite (fosfor) beholderen. MVH Ove Christoffersen Skjærgårdstjenesten Færder Enhet. Tlf. [REDACTED_PHONE]/mob[REDACTED_PHONE]
2025-10-16T15:00;2025-10-16T18:00;Oslo fjorden;indre_øst_2;2777;b5944af7-123c-4bbc-bbce-bd25bd3eab29.jpg;"59°53'45.5""N 10°45'17.8""E";10;
2025-10-21T19:00;2025-10-22T12:00;Hundsund;Indre_vest_2;2766;IMG_3951.jpeg;59,88813° N, 10,59155° Ø;12 x60 ml;Normal prøvetakning men kraftig regn prøvedagen
2025-10-22T18:00;2025-10-23T12:00;Lysaker;Indre_vest_1;2747;IMG_3953.jpeg;59,90906° N, 10,64270° Ø;10x60ml;Tett filter etter 10x, så 600ml
2025-10-26T13:30;;Oslo;Indre_øst_3;3026;IMG_1631.jpeg;(59.8876017, 10.7333827);1200;
2025-10-28T15:00;2025-10-29T11:00;Horten;Horten-1;2773;IMG_0654.jpg;59.38577 10.48004;;
2025-10-28T13:30;2025-10-29T11:00;Horten;Horten-3;2764;IMG_0653.jpg;59.39795  10.51493;;
2025-10-29T16:00;2025-10-30T07:00;Færder/Tjøme;Tønsberg_3;2775;vannprøve oktober 25.jpg;"59°03'25.7""N 10°24'40.0""E";1200 mL;
2025-10-30T09:15;2025-10-31T15:00;Sætre 5  Nailo;Sætre 5;3028;s5.jpg;59.66450214468681, 10.60085540531854;;1 knop utgående strøm
2025-10-30T09:40;2025-10-31T15:00;Sætre 4  Sandspollen;Sætre 4;3027;s4.jpg;59.66612685716672, 10.585590822774193;1080;en del brunt vann i overflate
2025-10-30T10:20;2025-10-31T15:00;Sætre 3  Furuholmen;Sætre 3;3025;s3.jpg;59.67577730957623, 10.566928510791564;;0,5 knop utgående strøm
2025-10-30T11:00;2025-10-31T15:00;Sætre 2  Chemring;Sætre 2;3022;s2.jpg;59.677490156145645, 10.553468747924052;;
2025-10-30T11:30;2025-10-31T15:00;Sætre 1  Dynea;Sætre 1;3020;s1.jpg;59.68415125529473, 10.541604309563295;1080ml;
2025-10-31T16:45;2025-11-01T10:00;Holmestrand;Holmestrand_1;2609;Prøve2609.JPG;59.556439, 10.238837;20;Lavvann. Vanskelig å komme til noe dypere enn 10 cm.
2025-10-31T17:15;2025-11-01T10:00;Holmestrand;Holmstrand_2;2559;Prøve2559.JPG;59.546372, 10.250488;20;Lavvann. Vanskelig å komme til noe dypere en 10-15 cm.  Måtte gå 30 meter unna opprinnelig sted da det er for glatt og bratt og gå der.
2025-11-03T13:00;2025-11-03T14:00;Holmestrand;Holmestrand 4 ( Snekkestad);2784;PXL_20251103_120058273.jpg;59,4610029, 10,3580907;1200 ml;
2025-11-03T13:00;2025-11-03T14:00;Færder;Tønsberg-1;3011;IMG_1371.jpeg;59.1725882, 10.4470931;1200 mL;
2025-11-03T16:00;2025-11-04T09:00;Lysaker;Indre_vest_1;3008;IMG_4021.jpeg;59.9093181, 10.6430202;16 x 60 ml;
2025-11-03T17:00;2025-11-04T09:00;Fornebu Hundsund;Indre_vest_2;3005;IMG_4022.jpeg;59.8977240, 10.6015578;12x60 ml;
2025-11-05T11:00;2025-11-05T12:00;Oslo;Bunnefjorden_6;3010;IMG_0513.jpeg;;1200;Fikk to filter med i kitet
2025-11-07T14:56;2025-11-07T16:00;Larvik;Larvik_12733;;IMG_20251107_145357630.jpg;59.027395,10.066879;Kun 12 gjennomsprutninger;
2025-11-07T15:40;2025-11-07T16:00;Larvik;Larvik_2;2779;IMG_20251107_154026989.jpg;59.023258,10.095942;10 gjennomsprutninger;"Tuppen på alkoholsprøyta knakk og ble sittende fast i filteret. Jeg fikk derfor ikke skrudd på ""korken""."
2025-11-07T15:30;2025-11-07T16:30;Bunnefjorden;Bunnefjorden_1;2690;IMG_6187.jpeg;(59.7224836, 10.7265307);365 ml bare;Umulig å nå samme prøvelokasjon, da landgang til brygge er ødelagt. Valgte å ta prøven fra svaberg like ved, men det måtte da bli nærmere land.
2025-11-07T09:30;2025-11-10T11:00;Bunnefjorden_3;NFRrør;2783;PXL_20251107_183235111.jpg;59,766771/10,72452;900;Klarte 15 gjennomsprutinger av 60 ml
2025-11-18T15:00;2025-11-19T11:00;Kollektivbrygga, Nesoddtangen Brygge;indre-vest-3;3016;IMG_20251118_153117_1.jpg;N6644910.21 Ø256815.85;;
2025-11-18T14:00;2025-11-19T11:00;Hellviktangen, Nesodden;bunnefjorden_5;3024;IMG_20251118_154022.jpg;N6642685.93 Ø258538.41;;
2025-11-19T13:00;2025-11-19T16:05;Oslo fjorden;indre_øst_2;2777;df5ca7f8-c252-4257-8b5c-bd56bfd41bab.jpeg;"59°53'45.5""N 10°45'17.8""E";7;God helg :)
2025-10-12T13:00;2025-11-22T11:00;Moss;Moss;2265;17637995475912181271418625941570.jpg;59.435829,10.654633;19 x 60 ml;Trengs mere prøvetakingsutstyr. Forrige gang manglet jeg kolonne til prøve #2580. Jeg tror en sprøyte som ikke brukes i oppsettet var satt der istedet. Mvh Øystein
2025-11-26T11:30;2025-11-26T15:30;Færder/Tjøme;Tønsberg_3;3023;vannprøve november 2025.heic;"59°03'25.7""N 10°24'40.0""E";1200 mL;
2025-11-26T13:00;2025-11-26T21:00;Horten;Horten-3;3007;IMG_0694.jpeg;WGS84  59.36795  10.51493;;Det ble noe surr med filtreringen. Jeg har fått to filter. «Plutselig» hadde jeg tatt begge i bruk. Det er mulig jeg har hatt fikseringsvæske fra den lille sprøyte i feil (det ubrukte) filteret. Jeg har sendt  inn det filteret jeg har filtrert all væsken gjennom. Muligens mislykket 🙁
2025-11-26T13:40;2025-11-26T21:00;Horten;Horten-1;3004;IMG_0695.jpeg;WGS84  59.38577  10.48004;;
2025-12-01T14:00;2025-12-01T14:30;Holmestrand;Holmestrand 4 ( Snekkestad);2788;PXL_20251201_132636070.jpg;59,4610029, 10,3580907;1200 ml;
2025-12-01T14:00;2025-12-01T15:00;Færder;Tønsberg-1;2736;IMG_1418.jpeg;59.1725882, 10.4470931;1200 mL;Prøvekit ble sendt til meg på feil adresse. Riktig adresse er som før: Tanstadveien 29 B 3140 Nøtterøy.
2025-12-01T10:35;2025-12-01T16:20;Færder;Tønsberg-2;2646;IMG_6789.jpg;59.07.539N 10.36.205Ø;1200ml;Grov sjø i prøvetakningsområdet så jeg mistet prøveglasset halvveis. Tok derfor et ren plast drikkeflaske og skylte ut etter prosedyre. Fullførte prøvetakningen med det.
2025-12-03T13:00;2025-12-03T15:00;Oslo;Bunnefjorden_6;3062;IMG_0765.jpeg;;1200;Alt for små hansker
2025-12-04T17:00;2025-12-05T09:00;Lysaker;Indre_Vest_1;3051;IMG_0007.jpeg;59,90962° N, 10,64300° Ø;Nei, 1200ml;
2025-12-04T18:00;2025-12-05T09:00;Fornebu;Indre_Vest_2;2754;IMG_0008.jpeg;59,89840° N, 10,60366° Ø;Nei, 1200 ml;
2025-12-06T11:51;2025-12-08T12:00;Larvik;Larvik_1;3034;IMG_20251206_114425467_HDR.jpg;59.027541,10.066567;;Det var ekstremt lavt vann og umulig å komme til v prøve punkt. Tok prøver 10-15 m til høyre for punktet. Gps koordinatene avviker derfor litt
2025-12-06T12:59;2025-12-08T12:00;Larvik;Larvik_2;3033;IMG_20251206_125105531.jpg;59.023257,10.095992;;
2025-12-07T11:30;2025-12-08T11:30;Moss_2;Moss_2 Ålegress;3061;IMG_3061.png;59.46654573030105, 10.629068083947038;1200 mL;
2025-12-05T13:20;2025-12-08T15:00;Sætre 1  Dynea;Sætre 1;3040;s1.jpg;59.68415376521495, 10.541589920980416;600ml;veldig vanskelig å få mer igjennom selv om filteret ikke ser veldig mørkt ut, mye overflatevann fra Åroselva, brunt vann.
2025-12-05T13:00;2025-12-08T15:00;Sætre 2  Chemring;Sætre 2;3032;s2.jpg;59.677738694427205, 10.552919742456087;600ml;Samme kommentar som ved S1
2025-12-05T12:40;2025-12-08T15:00;Sætre 3  Furuholmen;Sætre 3;3036;s3.jpg;59.675400366231514, 10.566979949111255;600ml;samme kommentar som S1
2025-12-05T12:15;2025-12-08T15:00;Sætre 4  Sandspollen;Sætre 4;3038;s4.jpg;59.675400366231514, 10.566979949111255;840ml;Samme kommentar som S1
2025-12-05T11:45;2025-12-08T15:00;Sætre 5  Ailo;Sætre 5;3035;s5.jpg;59.664634222156074, 10.600931137628917;1200ml;
2025-12-10T15:20;2025-12-10T19:30;Bunnefjorden_3;NFR rør;3037;Prøvetaking desember 2025.jpg;59,766771/10,72452;540ml;Har vært mye nedbør i uken som gikk
2025-12-16T11:30;;Hellviktangen, Nesodden;bunnefjorden_5;3001;IMG_20251216_140945_resized_20251216_021003420.jpg;N6642685.93 Ø258538.41;;Sender over nyttår 2026 slik vi har fått beskjed om. Oppbevarer i kjøleskap imens.
2025-11-18T13:00;;Kollektivbrygga, Nesoddtangen Brygge;indre_vest_3;3014;IMG_20251218_134748_resized_20251218_014811549.jpg;N6644910.21 Ø256815.85;;Sender prøvene over nyttår 2026 slik vi er bedt om. Prøvene oppbevares i kjøleskap imens.
2025-12-19T14:00;;Sandefjord2 Svinevika;Svinevika;2774;SDK 251219 eDNA Vannprøve Svinevika #2774 - PXL_20251219_141726340.jpg;59.052583, 10.225997;600 mL;Mye sjø ga sand og partikler i prøvene så filteret gikk potte tett etter 10 sprøyter a 60 mL.
2025-12-19T15:00;;Sandefjord1 Tangen;Tangen;2651;SDK 251219 eDNA Vannprøve Tangen #2651 - PXL_20251219_153313064.jpg;59.095764, 10.250089;1200 mL;Mye vind gjorde det vanskelig å holde styr på korker, etiketter og annet småtteri. Heldigvis var temperaturen sommerlige 8 grader. :-)
2026-01-01T15:00;2026-01-05T09:00;Fornebu;Indre_vest_2;3077;IMG_4415.jpeg;(59.8971743, 10.6006191);1200 ml;
2026-01-02T14:00;2026-01-05T09:00;Lysaker;Indre_vest_1;3082;IMG_4418.jpeg;(59.9095147, 10.6429266);1200ml;
2025-12-18T14:30;2026-01-05T15:30;Færder/Tjøme;Tønsberg_3;2732;Vannprøve desember 25.jpg;"59°03'25.7""N 10°24'40.0""E";1200 mL;En kollega tok denne prøven etter å ha fått opplæring i protokollen.
2026-01-05T14:00;2026-01-05T14:30;Holmestrand;Holmestrand 4 ( Snekkestad);3087;PXL_20260105_143346892.jpg;59,4610029, 10,3580907;720 ml;fikk kun til 12 ganger igjennom filter idag da vannet var veldig grumset
2026-01-06T13:16;2026-01-06T16:00;Larvik;Larvik_1;3098;IMG_20260106_125942780.jpg;59.027473,10.067174;;
2026-01-06T13:00;2026-01-06T14:15;Færder;Tønsberg-1;3097;IMG_1493.jpeg;59.1725882, 10.4470931;900 mL;"Lekkasje i filter ved påføring av fikseringsmiddel på slutten. ""Fullt""? Klarte kun 15 gjennomsprøyringer i dag pga det var tungt."
2026-01-06T14:18;2026-01-06T15:00;Larvik;Larvik_2;3093;IMG_20260106_135751905.jpg;59.023234,10.095931;;
2026-01-06T14:10;;Bunnefjorden_3;NFR rør;3069;Prøvetaking januar 2026.jpg;59,766771/10,72452;540ml;Prøven er tatt ute på isen. Fjorden har vært islagt siden 22.desember
2025-12-28T13:00;2026-01-05T11:00;Horten;Horten-3;3060;IMG_0736.jpeg;WGS84  59.36795  10.51493;;
2025-12-28T14:45;2026-01-05T11:00;Horten;Horten-1;3053;IMG_0737.jpeg;WGS84  59.38577  10.48004;;
2026-01-16T14:00;;Kollektivbrygga, Nesoddtangen Brygge;indre_vest_3;3085;IMG_20260116_144449.jpg;N6644910.21 Ø256815.85;;Jevnt regn.
2026-01-17T10:00;2026-01-19T11:00;Hellviktangen, Nesodden;bunnefjorden_5;3075;IMG_20260117_111837.jpg;N6642685.93 Ø258538.41;;
2026-01-17T12:00;2026-01-19T12:00;Sætre 5  Ailo;Sætre 5;3065;s5.jpg;59.66457222021842, 10.600843766943145;1200ml;svak strøm inn (0,5 knop)
2026-01-17T12:35;2026-01-19T12:00;Furuholmen;Sætre 3;3064;s3.jpg;59.67579735543656, 10.56691828378402;900ml;
2026-01-17T13:00;2026-01-19T12:00;Chemring;Sætre 2;3066;s2.jpg;59.67759871868457, 10.55314533281937;900ml;
2026-01-17T13:20;2026-01-19T12:00;Dynea;Sætre 1;3067;s1.jpg;59.68416611468745, 10.541651509016484;840ml;
2026-01-25T12:15;2026-01-26T09:00;Horten;Horten 3;3089;IMG_0756.jpeg;WGS84  59.36795  10.51493;;
2026-01-25T13:00;2026-01-26T09:00;Horten;Horten 1;3091;IMG_0757.jpeg;WGS84  59.38577  10.48004;;
2026-01-31T15:00;2026-02-02T09:00;Fornebu;Indre_vest_2;3043;IMG_4592.jpeg;(59.8970586, 10.5989394);1200ml;Pga av is så tar vi prøvene v boblehavn, der er det alltid råk
2026-02-01T13:00;2026-02-02T09:00;Lysaker;Indre_vest_1;3107;IMG_4595.jpeg;(59.9096845, 10.6428662);;
2026-01-30T15:30;2026-01-30T16:00;Færder/Tjøme;Tønsberg_3;3084;Vannprøve januar 2026.jpg;"59°03'25.7""N 10°24'40.0""E";1200 mL;
2026-02-03T11:00;2026-02-03T12:30;Færder;Tønsberg-1;3109;IMG_1512.jpeg;59.1725882, 10.4470931;1200 mL;Is i vannet.
2025-02-09T15:00;2025-02-09T15:30;Horten-3;Horten;3132;IMG_0786.jpeg;WGS84  59.36795  10.51493;;
2025-02-09T15:30;;Horten;Horten-1;3133;IMG_0787.jpeg;WGS84  59.38577  10.48004;;
;2026-02-07T11:40;Dynea;s1;3124;s1.jpg;59.684058549576456, 10.541497977726088;1200;
2026-02-07T11:15;;Chemring;s2;3121;s2.jpg;59.678697022963824, 10.552099434905156;1200;
2026-02-07T10:50;;Furuholmen;s3;3120;s3.jpg;59.67583456337345, 10.567110494770095;1200;
2026-02-07T10:15;;Ailo fiskeplass;s5;3119;s5.jpg;59.66464737179741, 10.600874142881155;1200;
2026-02-10T17:15;2026-02-11T17:00;Sandefjord2 Svinevika;Svinevika;2729;SDK 260210 Vannprøve #2729 Svinevika - PXL_20260210_162714548.jpg;59.052472, 10.226442;1200 mL;Det var -10 grader og slush/issørpe på sjøen.  Det ble veldig kaldt etter en halvtime og da var det bare 15 min igjen.
2026-02-10T14:14;2026-02-10T20:32;Moss;Moss_2;3125;Bilde av sample 10-2-26.jpg;59.4664857726185, 10.629572339222346;1000mL;
2026-02-11T14:26;2026-02-11T16:00;Larvik;Larvik_1;3108;IMG_20260211_140736657.jpg;59.027565,10.066872;;Islagt i området. Måtte ta prøver fra stranda ca 6 m fra prøvepunkt.
2026-02-11T15:17;2026-02-11T16:00;Larvik;Larvik_2;3126;IMG_20260211_150451225.jpg;59.023228,10.095904;;
2026-02-11T17:00;2026-02-12T17:00;Sandefjord1 Tangen;Tangen;2767;SDK 260211 Vannprøve #2767 Tangen - PXL_20260211_161113782.jpg;59.095650, 10.250128;1200 mL;Mye slush/is på sjøen og jeg måtte grave bort slush for å få en prøvekopp uten alt for mye is. Ble iskald på fingerne når halvparten av prøven var tatt og da var det bare å varme seg litt og fortsette etterpå.  Det tok cirka 60 minutter fra jeg parkerte og var tilbake samt 20 minutter kjøring hver vei.
2025-12-07T15:03;2026-02-16T17:00;Høyer;Oslo_vest_4;3052;1771155729761278448028402417424.jpg;59.852171, 10.556265;;
2025-07-10T19:30;2026-02-16T17:00;Høyerholmen;Indre_vest_4;2574;17711563036179068895463071394267.jpg;59.852154, 10.555997;;
2025-08-24T16:12;2026-02-16T17:00;Høyerholmen;Indre_vest_4;2577;17711564833003527752033350936911.jpg;59.851993, 10.556965;;
2025-11-25T10:30;2026-02-08T10:00;Fredrikstad;Engelsviken 5;2739;;59.179520, 10.720308;Ingeen avvik;Beklager sen innsending. Prøven har ligget delvis kaldt, men aldri over 10 grader c
2025-11-25T10:44;2026-02-08T10:00;Fredrikstad;Engelsviken 4;2731;;59.217781, 10.691446;Ingen avvik;Beklager sen innsending. Prøven har ligget delvis kaldt, men ikke over 10 grader c.
2026-02-12T11:10;2026-02-13T14:00;Bunnefjorden_3;NFR rør;3104;;59,766771/ 10,72452;Ingen filtrering. Filteret var ikke med;Prøvene ble tatt ute på isen. Det som er sendt inn er 2 rør med 50 ml sjøvann hver
2026-02-21T17:00;2026-02-23T11:00;Nesodden, Kollektivbrygga, Nesoddtangen;indre_vest_3;3114;IMG_20260221_173401.jpg;N6644910.21 Ø256815.85;;
2026-02-23T10:00;2026-02-23T15:45;Hellviktangen, Nesodden;bunnefjorden_5;3123;IMG_20260223_110934.jpg;N6642685.93 Ø258538.41;;En kopp ødelagt i pakken fra dere, måtte derfor bruke egen (ren) plastkopp til å samle opp vann. Filter nr 3114 ble ikke sendt kl.11.00 i dag som jeg skrev på skjema, men den er oppbevart kjølig og mørkt. Sender begge samtidig i dag 23.02 kl. 15.45.
2026-02-10T10:15;2026-02-25T12:00;Fredrikstad;Engelsviken_5;3039;;59.178678, 10.723911;;
2026-02-10T10:47;2026-02-25T12:00;Fredrikstad;Engelsviken_4;3041;;59.217606, 10.693689;;
2026-02-24T11:30;2026-02-25T08:00;Færder/Tjøme;Tønsberg_3;;Vannprøve februar 2026.jpg;"59°03'25.7""N 10°24'40.0""E";120;"På denne prøvetakingen var det studenter fra USN med for å lære om folkeforskning, observere og delta på prøvetaking. Alle som håndterte prøveutstyr var under ""streng"" overvåkning av meg, og hadde på hansker, så regner med at det ikke har påvirket prøvetaking."
2026-03-01T13:00;2026-03-02T11:00;Færder;Tønsberg-1;3140;IMG_1576.jpeg;59.1725882, 10.4470931;1200 mL;Prøven ble tatt i en råk i isen. Ellers islagt område rundt.
2026-03-01T15:00;2026-03-02T09:00;Fornebu;Indre_vest_2;3147;IMG_4752.jpeg;(59.8979129, 10.6022469);240 ml;Filteret gikk tett etter 4x 60 ml
2026-03-01T16:00;2026-03-02T09:00;Lysaker;Indre_vest_1;3142;IMG_4753.jpeg;(59.9086581, 10.6427559);600ml;Gikk tett etter 10x60
2026-03-01T15:22;;Høyerholmen;Indre_vest_4;3056;17723879236522571400120274827590.jpg;"59°51'08.4""N 10°33'26.7""E";5 gjennomsprutninger;Etter fem gjennomsprutninger var filteret helt tett. Det var ingen sjanse å få mer vann gjennom filteret, selv om jeg prøvde i 25 minutter.
2026-01-29T15:00;2026-03-02T12:10;Oslo fjorden;indre_øst_2;2693;Vann prøve .jpeg;"59°53'45.5""N 10°45'17.8""E";5 gjennomsprutninger;
2026-03-04T11:16;;Oslo;Bekkelagsbadet;3078;20260304_112618.jpg;59.880778,10.763852;Filteret ble tett etter 5 gjennomsprut.;
2026-03-05T11:00;2026-03-05T11:30;Holmestrand;Holmestrand 4 ( Snekkestad);3100;PXL_20260305_084052649 (1).jpg;59,4610029, 10,3580907;1200 ml;Hei manglet filter i 3100 men hadde et liggende fra tidligere, sjekket i samme omgang neste sett 3101 og her mangler også filter  Mvh jan
2026-03-08T11:50;2026-03-09T15:00;Ailo fiskeplass;s5;3141;s5.jpg;59.664461566974595, 10.601090543014708;1200;Stor motstand mot å klare 20 filtreringer men gikk.  litt olje i overflate lite strøm
2026-03-08T12:20;2026-03-09T15:00;Furuholmen;s3;3111;s3.jpg;59.67559942903897, 10.566260998390561;1200;"NB! Stor motstand, nesten tett ved 10 gjennomfiltreringer, pressa på og det ""løsna"" plutselig og klarte 10 til, men......tror jeg kanskje jeg pungterte filteret. Uten spesialverktøyet mitt hadde jeg ikke klart mer enn 6-7 filtreringer"
2026-03-08T12:50;2026-03-09T15:00;Chemring;s2;3102;s2.jpg;59.6783017843671, 10.551935516392588;600;Filter gikk helt tett etter 10 filtreringer og ¨¨sprakk¨¨ . Stoppa der
2026-03-08T13:10;2026-03-09T15:00;Dynea;s1;3122;s1.jpg;59.68407455338112, 10.54140327973942;600;gikk helt tett etter 10 filtreringer
2026-03-09T13:00;2026-03-09T14:00;Oslo fjorden;indre_øst_2;3080;da238663-566d-48f7-8b87-1c3eddabc192.jpeg;"59°53'45.5""N 10°45'17.8""E";3 gjennomsprutninger av 60 mL;
2026-03-11T16:16;2026-03-12T12:00;Larvik;Larvik_1;3031;IMG_20260311_160540188_MP.jpg;59.027277,10.066948;;
2026-03-11T17:07;2026-03-12T12:00;Larvik;Larvik_2;3151;IMG_20260311_165611581.jpg;59.023236,10.095915;;
2026-03-16T13:30;2026-03-16T11:30;Kollektivbrygga, Nesoddtangen Brygge;indre_vest_3;3137;IMG_20260316_140117.jpg;N6644910.21 Ø256815.85;180;"Veldig tungt å få vannet gjennom filteret. Vannet kom ut dråpevis allerede på 1. 60 ml. Mye og urolig sjø, krappe bølger, men kunne ikke se at vannet var spesielt ""møkkete"", så helt klart ut. Enten noe galt med filteret eller mye små-grums. Beklager det. Håper prøven kan brukes likevel."
2026-03-19T10:30;2026-03-19T15:30;Hellviktangen, Nesodden;bunnefjorden_5;3137;IMG_20260319_111144.jpg;N6642685.93 Ø258538.41;90 ml;Samme problem i dag, nesten umulig å få noe gjennom filteret. Vannet i sjøen så ok ut, men veldig dårlig sikt nedover (ganske brunt). Jeg lot vannet stå en stund, men det hjalp ikke. Er det sikkert at det ikke er flitrene som det er noe galt med? Har aldri før opplevd at det er så vanskelig å presse vannet igjennom.
2026-03-19T15:30;2026-02-25T16:30;Færder/Tjøme;Tønsberg_3;3029;Vannprøve mars 2026.jpg;"59°03'25.7""N 10°24'40.0""E";420;Det var utrolig vanskelig å få vannet gjennom filteret! Måtte gi meg ved 7 gjennomsprutninger, håper den kan brukes likevel. Enten var det noe galt med filteret, eller så er det skikkelig vår i havet med mye partikler i vannet.   Jeg fant heller ikke noe klistremerke med prøve-ID-nummer. Men det er prøve 3029, som fremgår av røret jeg holder sammen på bildet. Håper det holder.
2026-03-19T13:15;;Færder;Tønsberg-2;3148;IMG_6976.jpeg;59.07.539N 10.36.205Ø;6;"Dårlig sikt i ytre Oslofjord. Mulig ""sølevann"" grunnet nedbør og vannføring i elver og vassdrag. Filteret fylte seg fort og vi kunne ikke presse mer vann igjennom en de nevnte 6 ganger."
2026-03-21T12:00;;Moss;Moss_2;3021;IMG_0486 2.HEIC;59.46621818671629, 10.6289290829904;240 ml;Filteret gikk tett og det var umulig å få gjennom mer vann etter 4 gjennomsprutninger.  Jeg glemte å ta en 'ren' vannprøve.
2026-03-15T13:00;2026-03-26T14:00;Moss havn;MOSS_1;3074;20260315_154256.jpg;59,436 10,655;8;Kolonnen fylles/mettet etter 8 påføringer. Ser brun ut.
2025-11-22T13:00;2026-03-26T14:00;Moss havn;Moss_1;2266;Screenshot_20260326_122915_Gallery.jpg;59.435,10.655;9;Kolonne mettet etter 9 påføringen gjennom sprøyte. Beklager jeg ikke har hatt mulighet til å samle inn desember 2025, januar og februar 2026
2026-03-28T12:00;;Horten;Horten-3;3149;IMG_0870.jpeg;WGS84  59.36795  10.51493;190ml;Filteret gikk fort tett. Er det den fryktede vortepølsa vi har på besøk? Det var heller ikke en sel å se, noe jeg nesten aldri har opplevd. Lar prøvene ligge i kjøleskapet til etter påske. Det er vel liten vits i å sende dem nå. De kommer neppe fram før påske.
2026-03-20T14:15;;Horten;Horten-1;3146;IMG_0871.jpeg;WGS84  59.38577  10.48004;130ml;Filteret ble tett nesten med en gang. Gi gjerne litt info på FB-sida om hva som skjer. Vortepølse?
2026-03-28T17:00;2026-04-07T17:00;Sandefjord2 Svinevika;Svinevika;2785;SDK 260328 eDNA vannprøver Svinevika 2785 - PXL_20260328_160322645.jpg;59.052447, 10.226217;150;Filteret gikk tett etter 2 sprøyter og jeg fikk presset gjennom ytterligere en halv sprøyte. Totalt 2,5 sprøyter filtrert på 30 minutter. Sjøen var brun/grønn og det var minimalt sand fra bølgebevegelse. Vannet i bekken som gikk ut i bukten 20 meter fra prøvestedet var tydelig brunfarget. Har ikke opplevet at filteret gikk tett så fort tidligere.
2026-03-29T15:00;2026-04-07T17:00;Sandefjord1 Tangen;Tangen;2121;SDK 260329 eDNA vannprøver Tangen 2121 - PXL_20260329_130349786.jpg;59.095581, 10.250144;120;Filteret gikk tett etter en 60mL sprøyte. Fikk filtrert ytterligere en sprøyte ved å bruke hele kropsvekten i løpet av 30 min. Sjøen var brun/grønn og prøven i vannkoppen så klar og ikke grumsete ut. De to Falcon rørene ble fylt med samme prøve som tettet filteret.  Opplevde det samme med prøven i Svinevika i går som gikk tett etter 2,5 60 mL sprøyter.
2026-03-29T15:30;;Oslo;Indre_øst_3;3076;IMG_2686.jpeg;(59.8880932, 10.7334263);130;Mye sjø, prøve tatt fra land på grunt vann. Mye sedimenter i vannet, derav kun 130 ml..
2026-03-29T16:30;;Oslo;Indre_øst_1;3086;IMG_2685.jpeg;(59.9012849, 10.7498559);240 mL;
2026-03-31T18:32;;Huk;Indre_øst_4;3045;17749862691144436417050629686039.jpg;59.895927,  10.674155;2 gjennomsprutninger;Vannet i fjorden er brunt/misfarget. Filteret gikk tett med en gang. Første gjennomsprutninger var på 60 ml, den andre på 54 ml. Deretter var filteret så tett at ikke en eneste ml gikk igjennom.
2026-04-07T11:00;2026-04-07T12:00;Færder;Tønsberg-1;3165;IMG_1641.jpeg;59.1725882, 10.4470931;1200 mL;
2026-04-07T14:41;2026-04-07T16:00;Larvik;Larvik_1;3177;IMG_20260407_143645464_MP.jpg;59.027014,10.066653;;Det var veldig lavt vann, og bare tang. Jeg gikk derfor ut på tuppen der det er dypere. Vanskelig og farlig om vinteren, men gikk greit nå.
2026-04-07T15:34;2026-04-07T16:00;Larvik;Larvik_2;3178;IMG_20260407_153141829_MP.jpg;59.023200,10.095945;;
2026-04-08T14:00;2026-04-08T18:30;Holmestrand;Holmestrand 4 ( Snekkestad);3161;PXL_20260408_133216451.jpg;59,4610029, 10,3580907;1200 ml;
2026-04-08T17:00;2026-04-09T08:00;Lysaker;Indre_vest_1;3169;IMG_4933.jpeg;59,90933° N, 10,64301° Ø;Tett etter 600ml;
2026-04-08T18:00;2026-04-09T08:00;Fornebu;Indre_vest_2;3174;IMG_4934.jpeg;59,89812° N, 10,60246° Ø;600ml tett filter;
2026-04-07T17:00;;Moss;Moss_2;3173;filter.pdf;59.4664271776303, 10.6293094827497;7*60 =420 mL;Filteret ble tidlig tett, og gjorde det umulig å få tatt mer enn 7x60mL
2026-04-09T11:30;2026-04-09T13:00;Bunnefjorden_3;NFR rør;3155;Bunnefjorden 3.jpg;59,766771/10,7252;1200ml;
2026-04-09T14:30;2026-04-09T15:30;Bunnefjorden;Bunnefjord_1;3056;IMG_6653.jpeg;https://maps.app.goo.gl/YSf7WFHbHTEr2fAj8?g_st=ic;;
2026-04-13T13:00;2026-04-13T15:20;Breivoll friområde;Breivoll friområde;2424/02565;IMG_64421.jpg;59°44' .099 N 010°43'510Ø;480;Vannet var ganske skittent som sikkert er grunnen til at vi kunne presse så lite gjennom filteret. Prøvene ble tatt fra båt på ca.10m dyp. Været var bra med tidvis smått yr.
2026-04-13T09:05;2026-04-14T15:00;Ailo fiskeplass;s5;3150;s5.jpg;59.66457457227797, 10.60064757438329;1200;
2026-04-13T09:30;2026-04-14T15:00;Sandspollen;s4;3157;s4.jpg;59.66556841941531, 10.586855503878652;840;
2026-04-13T09:50;2026-04-14T15:00;Furuholmen;s3;3152;s3.jpg;59.67557253113254, 10.56665515149218;1200;
2026-04-13T10:15;2026-04-14T15:00;Chemring;s2;3153;s2.jpg;59.67829511643062, 10.552044621523857;1200;
2026-04-13T10:35;2026-04-14T15:00;Dynea;s1;3158;s1.jpg;59.68422867164784, 10.54122475521797;1200;
2026-04-17T20:15;;Høyerholmen;Indre_vest_4;3144;17765084613493410192298271091840.jpg;59.8531663, 10.5569340;20;
2026-04-19T13:00;2026-04-20T11:00;Kollektivbrygga, Nesoddtangen Brygge;indre_vest_3;3159;IMG_20260419_135826.jpg;N6644910.21 Ø256815.85;;
2026-04-19T13:30;2026-04-20T11:00;Hellviktangen, Nesodden;bunnefjorden_5;3160;IMG_20260419_135755.jpg;N6642685.93 Ø258538.41;;
2026-04-21T12:00;2026-04-21T15:30;Færder/Tjøme;Tønsberg_3;3164;Vannprøve april 2026.heic;"59°03'25.7""N 10°24'40.0""E";420 mL;Veldig brunt vann, filteret gikk også denne gangen veldig fort tett. Fikk kun til 7 gjennomspørytinger.
2026-04-24T13:30;2026-04-24T15:00;Bunnefjorden;Bunnefjorden_6;3154;IMG_1907.jpeg;;1200;
2026-04-22T12:00;2026-04-24T11:30;Horten;Horten-3;3156;IMG_0939.jpeg;WGS84  59.36795  10.51493;;
2026-04-22T14:00;2026-04-24T11:00;Horten;Horten-1;3163;IMG_0938.jpeg;WGS84  59.38577  10.48004;;
2026-04-26T19:30;2026-04-27T14:00;Sandefjord1 Tangen;Tangen;3017;SDK 260426 DNA-vannprøve Sandefjord1 Tangen - PXL_20260426_170038314-COLLAGE.jpg;59.095756, 10.250178;1200 mL;
2026-04-26T17:30;2026-04-27T14:00;Sandefjord2 Svinevika;Svinevika;3013;SDK 260426 DNA-vannprøve Sandefjord2 Svinevika - PXL_20260426_150728087-COLLAGE.jpg;59.052642, 10.226297;660 mL;Filteret gikk tett etter 11 sprøyter og det var så vidt det piplet ut etter 30 min. 60*11 = 660.  Svakere brunfarge på sjøvann enn fra i mars. Da gikk begge filtre tette etter 2-3 sprøyter.   Sender prøvene fra 29/3-2026 samtidig og de har vært oppbevart i kjøleskap.   Ha en fin en! :-)
2026-04-29T14:00;2026-04-30T09:30;Holmestrand;Holmestrand 4 ( Snekkestad);3167;PXL_20260429_171300698.jpg;59,4610029, 10,3580907;1200 ml;
2026-05-01T15:00;;Hundsund;Indre_vest_2;2299;IMG_5102.jpeg;(59.8977735, 10.6029848);1200 ml;
2026-05-01T14:00;;Lysaker;Indre_vest_1;3116;IMG_5103.jpeg;(59.9086094, 10.6427656);1200 ml;
2026-05-09T15:00;2026-05-09T15:30;Færder;Tønsberg-1;2316;IMG_1694.jpeg;59.1725882, 10.4470931;1200 mL;Jeg brukte ekstrakit uten beholdere til fosfor.
2026-05-10T14:45;2026-05-10T15:00;Dynea;s1;2771;s1.jpg;59.68405031063678, 10.54127077178925;1200;
2026-05-10T14:30;2026-05-10T15:00;Chemring;s2;2762;s2.jpg;59.67815183063643, 10.55237191416384;1200;kun et Falconrør da jeg ikke hadde fler
2026-05-10T14:05;2026-05-10T15:00;Furuholmen;s3;2760;s3.jpg;59.675457431164574, 10.566939341914129;1200;kun ett Falconrør da jeg ikke hadde fler
2026-05-10T13:40;2026-05-10T15:00;Sandspollen;s4;2749;s4.jpg;59.6660090077244, 10.585856497286654;1200;
2026-05-10T13:10;2026-05-10T15:00;Ailo fiskeplass;s5;3068;s5.jpg;59.66448687363167, 10.600790311926305;1200;
2026-05-14T12:30;2026-05-15T10:00;Bunnefjorden_3;NFRrør;3139;PXL_20260514_124155931.jpg;59,766771/10,72452;1200ml;
2026-05-16T12:00;2027-05-18T10:45;Horten;Horten-1;3172;IMG_1082.jpeg;WGS84  59.38577  10.48004;;
2026-05-16T11:30;2026-05-18T10:45;Horten;Horten-3;3176;IMG_1081.jpeg;WGS84  59.36795  10.51493;;Prøvekitet manglet falconrør, så jeg hentet disse fra «reservedelsposen» jeg har fått tidligere. Nå er jeg tom for ekstra falconrør, så send meg gjerne et par ekstra.
2026-05-18T13:25;2026-05-18T16:00;Larvik;Larvik_1;3223;IMG_20260518_131112921.jpg;59.027001,10.066669;;
2026-05-18T14:20;2026-05-18T15:00;Larvik;Larvik_2;3207;IMG_20260518_140818820.jpg;59.023244,10.095868;;Mye lurv.
2026-05-20T10:00;;Nesoddtangen, Kollektivbrygga;Indre_vest_3;3201;IMG_20260520_102328.jpg;N6644910. 21 Ø256815. 85;;Mye pollen i vannoverflaten, men filtrering grei x 20
2026-05-20T17:00;2026-05-21T12:00;Sandefjord1 Tangen;Tangen;2683;SDK 260520 DNA-vannprøve Sandefjord2 Svinevika - PXL_20260520_144201896-COLLAGE.jpg;59.095647, 10.250233;1200 mL;Klart vann, men mye lurv fra 25 cm og dypere. Det lå et tykt teppe utover som helt eller delvis dekket tang og andre vekster.  Se bilde med ramme for registrering av lurv.
2026-05-20T15:00;2026-05-21T12:00;Sandefjord2 Svinevika;Svinevika;2640;SDK 260520 DNA-vannprøve Sandefjord2 Svinevika - PXL_20260520_123601497-COLLAGE.jpg;59.052497, 10.226269;1020mL;Filteret gikk tett etter 10 sprøyter, men jeg fikk presset gjennom 7 til så total 17*60mL=1020mL. Det var litt regn i lufta og etiketten til filteret ble vått og det var ikke mulig å få av bakpapiret som hadde gått i oppløsning så jeg skrev prøve ID med sprittusj.  Klart vann og lite lurv foreløpig.   Har brukt opp alle prøvekit og kan gjerne få tilsendt kit for prøvelokasjonene Tangen og Svinevika i Sandefjord.
2026-05-21T12:00;2026-05-21T16:00;Oslo;Bunnefjorden 6;3203;IMG_2152.jpeg;;1200;Trenger nye kit
2026-05-21T13:30;;Hellviktangen, Nesodden;bunnefjorden_5;3202;IMG_20260521_141131.jpg;N6642685. 93 Ø258538. 41;;
2026-05-25T15:00;;Oslo;Indre_øst_3;2748;IMG_3159.jpeg;(59.8881677, 10.7333449);1200;
2026-05-25T16:30;;Oslo;Indre_øst_1;2715;IMG_3162.jpeg;(59.9010882, 10.7502002);900;Mye pollen i vannet langs brygga, som tettet filteret
2026-08-26T17:00;2026-05-27T15:45;Oslo fjorden;indre_øst_2;3080;b49d3f57-5c0e[REDACTED_PHONE]-c77a58762afd.jpeg;"59°53'45.5""N 10°45'17.8""E";6 gjennomsprutninger av 60 mL;
2026-05-29T13:00;2026-05-29T14:00;Færder/Tjøme;Tønsberg_3;3206;Vannprøve mai 2026.heic;"59°03'25.7""N 10°24'40.0""E";1200 mL;
2026-06-02T10:00;2026-06-02T12:30;Holmestrand;Holmestrand 4 ( Snekkestad);3166;PXL_20260602_092319858.jpg;59,4610029, 10,3580907;1200 ml;
2026-06-01T17:00;2026-06-05T08:00;Fornebu;Indre_Vest2;3227;;(59.8979722, 10.6020759);;
2026-06-03T16:00;2026-06-05T08:00;Lysaker;Indre_Vest1;3228;;(59.9092192, 10.6430617);;
2026-06-06T14:55;2026-06-08T16:00;Larvik;Larvik_1;3211;IMG_20260606_144143652_HDR.jpg;59.027058,10.066747;18 gjennomsprutninger;
2026-06-06T15:30;2026-06-06T16:30;Færder;Tønsberg-1;3233;IMG_1832.jpeg;59.1725882, 10.4470931;1200 mL;
2026-06-06T16:06;2026-06-08T16:00;Larvik;Larvik_2;3220;IMG_20260606_155841948_MP.jpg;59.023205,10.095923;;
2026-06-06T18:30;2026-06-07T09:00;Bunnefjorden_3;NFR rør;323159,766771;PXL_20260607_054200585.jpg;59,766771/10,72452;;
2026-06-07T14:50;2026-06-08T15:00;Ailo fiskeplass;s5;3221;s5.jpg;59.66455257036212, 10.600725351002927;1200;
2026-06-07T15:10;2026-06-08T15:00;Sandspollen;s4;3224;s4.jpg;59.66518450310904, 10.587604027524307;1200;
2026-06-07T15:35;2026-06-08T15:00;Furuholmen;s3;3217;s3.jpg;59.67549223688455, 10.567162412005088;1200;
2026-06-07T15:35;2026-06-08T15:00;Chemring;s2;3208;s2.jpg;59.67849053553064, 10.552200304273386;1200;
2026-06-07T15:35;2026-06-08T16:10;Dynea;s1;3213;s1.jpg;59.68409556583687, 10.54134395614675;1200;
2026-06-13T12:30;;Moss_2;Moss_2;3214;Dokument2.pdf;59.466491, 10.630377;1200;
2026-06-14T17:00;2026-06-15T10:30;Hellviktangen, Nesodden;bunnefjorden_5;3256;IMG_20260614_182604.jpg;N6642685.93 Ø258538.41;;
2026-06-14T17:45;2026-06-15T10:30;Kollektivbrygga, Nesoddtangen Brygge;indre_vest_3;3260;IMG_20260614_182621.jpg;N6644910.21 Ø256815.85;;
2026-06-16T13:00;2026-06-16T15:00;Oslo;Bunnefjorden_6;3237;IMG_2488.jpeg;;1200;
2026-06-24T12:00;;Oslo;Indre_øst_3;3226;IMG_3432.jpeg;(59.8881588, 10.7333398);1200;
2026-06-24T14:00;;Oslo;Indre_øst_1;3241;IMG_3434.jpeg;(59.9012989, 10.7498384);900;
2026-06-25T10:30;;Færder;Tønsberg-2;3090;b12f8518-2d7d-4f8a-9112-037fea113265.jpg;59.07.539N 10.36.205Ø;20;
2026-07-04T15:00;2026-08-03T12:30;Holmestrand;Holmestrand 4 ( Snekkestad);3101;PXL_20260704_131816902.jpg;59,4610029, 10,3580907;1200 ml;
2026-07-04T17:00;2026-07-04T18:00;Færder;Tønsberg-1;3234;IMG_2019.jpeg;59.1725882, 10.4470931;1200 mL;
2026-07-06T11:00;;Moss;Moss_2;3215;3215.jpg;59.466491, 10.630377;9*60mL = 360 mL;I en radius av 200 m fra prøvetakingsområdet er det gjørmebunn og under 1 m dypt.  Derfor er det mye partikler i vannet og sjeldent mulig å få gjennom mer enn 10 * 60 mL
2026-06-07T13:00;2026-07-28T14:00;Moss;MOSS_1;3179;17852294933604564647861225821357.jpg;59.435792,10.654647;1200 mL;Jeg har ikke fått tatt prøver et par måneder, send gjerne fler :)  Mvh Øystein
2026-07-31T14:00;2026-07-31T15:00;Oslo;Indre_øst_1;3145;IMG_4039.jpeg;(59.8881598, 10.7333308);1200;
2026-07-31T14:45;2026-07-31T15:00;Oslo;Indre_øst_3;3136;IMG_4044.jpeg;(59.9012799, 10.7498656);1080;
2026-08-03T15:00;2026-08-03T18:00;Holmestrand;Holmestrand 4 ( Snekkestad);3204;PXL_20260803_135221501.jpg;59,4610029, 10,3580907;1200 ml;
2026-08-04T10:30;;Færder;Tønsberg-2;3127;5273f3d1-29d6-4cdc-8830-f09d12f63730.jpg;59.07.539N 10.36.205Ø;1200ml;
2026-07-27T11:00;2026-08-05T13:00;Ailo fiskeplass;s5;3212;s5.jpg;59.66453176480866, 10.600929876624525;1200;
2026-07-27T12:25;2026-08-05T13:00;Dynea;s1;3216;s1.jpg;59.68405258179737, 10.541300927261895;1200;
2026-07-27T12:00;2026-08-05T13:00;Furuholmen;s3;3210;;59.67595213522604, 10.567257066103737;1200;
2026-07-27T12:00;2026-08-05T12:10;Chemring;s2;3219;;59.678735158803704, 10.552418163645067;1200;
2026-07-27T11:30;2026-08-05T12:10;Sandspollen;s4;3209;s4.jpg;59.66611848302259, 10.584966716390689;1200;
2026-06-25T16:00;2026-08-05T14:00;Sandefjord2 Svinevika;Svinevika;2689;SDK 260625 Miljø-DNA Sandefjord2 Svinevika - PXL_20260625_140003925.jpg;59.052033, 10.226858;1200 mL;Vanligvis tar vi prøver fra land pga fremkommelighet om vinteren, men denne gang ble det tatt prøver fra båt ca 90 meter fra vanlig prøvelokasjon.  Det ble ikke tatt vannprøver fra Sandefjord1 Tangen for juni på grunn av veldig mye lurv på lokasjonen.  Rapport og vannprøver sendes først nå.
2026-08-01T13:00;2026-08-05T14:00;Sandefjord2 Svinevika;Svinevika;3253;SDK 260801 Miljø-DNA Sandefjord2 Svinevika - PXL_20260801_110547791.jpg;59.051942, 10.227186;1200 mL;Vannprøvene ble tatt fra båt cirka 90 meter fra vanlig lokasjon i Svinevika.  Forholdsvis lite lurv som kanskje skyldes at bukten er utsatt for bølger og strøm.
2026-08-01T14:15;2026-08-05T14:00;Sandefjord1 Tangen;Tangen;3257;SDK 260801 Miljø-DNA Sandefjord Tangen - PXL_20260801_121402936.jpg;59.097094, 10.252144;1200 mL;Vannprøven ble tatt fra båt pga mye lurv på vanlig lokasjon fra land på Tangen. På grunn av mye vind var det ikke mulig å komme nærmere enn 200 meter fra vanlig lokasjon.  Denne og prøven fra Svinevika gjelder for juli så nye kommer for august.
2026-08-08T19:00;2026-08-08T20:00;Færder;Tønsberg-1;3281;IMG_2149.jpeg;59.1725882, 10.4470931;1200 mL;
2026-08-12T11:30;2026-08-13T07:00;Færder/Tjøme;Tønsberg_3;3283;vannprøve august 2026.heic;"59°03'25.7""N 10°24'40.0""E";1200 mL;Veldig klart vann!
2026-08-10T13:05;2026-08-14T12:10;Chemring;s2;3296;s2.jpg;59.67856312287169, 10.552444053587754;1200;
2026-08-10T12:50;2026-08-14T12:10;Furuholmen;s3;3285;s3.jpg;59.67574698286638, 10.56679528433621;1200;
2026-08-10T11:50;2026-08-14T12:10;Ailo fiskeplass;s5;3273;s5.jpg;59.664555725455514, 10.600796912210162;1200;
2026-08-10T11:50;2026-08-14T13:25;Dynea;s1;3279;s1.jpg;59.68409931994184, 10.541158164203742;1200;
2026-08-10T12:20;2026-08-14T13:25;Sandspollen;s4;3263;s4.jpg;59.66624014660634, 10.584287522354865;1200;
2026-08-19T13:30;2026-08-19T15:00;Bunnefjorden;Bunnefjorden_1;3238;IMG_6864.jpeg;https://maps.app.goo.gl/CB2dubBwPjvuMfMf7?g_st=ic;15 gjennomsprutninger = 900 ml;Synlig grumsete vann
2026-08-20T11:30;2026-08-20T16:00;Horten;Horten-3;3266;IMG_1559.jpeg;WGS84  59.36795  10.51493;;Usedvanlig klart vann
2026-08-20T11:50;2026-08-20T16:00;Horten;Horten-1;3268;IMG_1560.jpeg;WGS84  59.38577  10.48004;;Uvanlig klart vann
2026-08-11T10:45;2026-08-21T12:00;Fredrikstad;Engelsviken 5;3031;;59.177361, 10.722313;Ingen avvik;
2026-08-18T11:30;2026-08-21T12:00;Fredrikstad;Engelsviken 4;3130;;59.214820, 10.694957;Ingen avvik;
2026-08-21T11:37;2026-08-21T16:00;Larvik;Larvik_1;3287;IMG_20260821_112138800.jpg;59.027474,10.066969;;
2026-08-21T12:28;2026-08-21T16:00;Larvik;Larvik_2;3291;IMG_20260821_121628545.jpg;59.023205,10.095944;;
2026-08-27T15:00;2026-08-28T10:00;Lysaker;Indre_Vest_1;3278;IMG_5976.jpeg;(59.9092365, 10.6430473);1200 ml;Prøven tatt i dag siden vi reiser bort. Tar pause fremover, ikke send kit. Sier fra når vi tar opp våre 2 test sites,
2026-08-26T16:00;2026-08-28T12:00;Sandefjord1 Tangen;Tangen;N2659;SDK 260826 DNA-vannprøver Tangen N2659 - PXL_20260826_135915755.jpg;59.097103, 10.252008;1200 mL;På grunn av mye lurv på prøvelokasjon på land ble det også denne gangen tatt vannprøver fra båt 200 meter fra vanlig prøvelokasjon.  Brukte prøve-kit merket N2659 og håper det var greit.
2026-08-26T19:00;2026-08-28T12:00;Sandefjord2 Svinevika;Svinevika;3239;SDK 260826 DNA-vannprøver Svinevika 3239 - PXL_20260826_171637345.jpg;59.052486, 10.226183;1200 mL;"Plastkoppen hadde sprekket så den rommet kun halvparten, men totalt 1200 mL ble filtrert.  Hytteeiere fortalte om et ""merkelig skum"" som hadde kommet inn fra fjorden midt på dagen den siste uken. Bilder av dette kommer på egen epost til Kimbel og Inger-Marie."
2026-08-31T13:00;2026-08-31T14:00;Holmestrand;Holmestrand 4 ( Snekkestad);3205;PXL_20260831_112311365.jpg;59,4610029, 10,3580907;1200 ml;Hei dere trenger ikke å sende flere kitt de neste 3 måneder da jeg har så rikelig :-)
2026-09-01T09:20;2026-09-01T12:00;Kollektivbrygga, Nesoddtangen Brygge;indre_vest_3;3244;IMG_20260901_104624-3244.jpg;N6644910.21 Ø256815.85;;
2026-09-01T10:00;2026-09-01T12:00;Hellviktangen, Nesodden;bunnefjorden_5;3247;IMG_20260901_105730- 3247.jpg;N6642685.93 Ø258538.41;;
2026-09-01T16:15;;Moss;Moss_2;3162;3261.pdf;59.466682, 10.630563;1100ml;
2026-08-20T17:00;2026-08-31T16:30;Oslo;Indre_øst_3;3271;3271.jpeg;59.88816040021023, 10.733322295662578;900;Det ble tett etter 15 gjennomsprøytinger. Glemte å fylle på sprit umiddelbart. Måtte refylle senere pga lekkasjer. Øker risiko for forurenset prøve?
2026-08-28T18:00;2026-08-31T16:30;Oslo;Indre_øst_1;3288;3288.jpeg;59.90128260975319, 10.74985502761753;1200;
2026-07-26T12:07;;Høyerholmen;Indre_vest_4;2713;17888965443594461919834655079725.jpg;59,8526844, 10,5564884;1200 ml;
2026-09-06T15:17;;Høyerholmen;Indre_vest_4;3270;17888968583353756350596099478281.jpg;59,8527556, 10,5562792;12 gjennomsprøytninger a 60 ml;Mange småbåter på vannet. Sel observert i området.
2026-08-31T17:10;;Huk;Indre_øst_4;3289;17888971914048879051794290562805.jpg;59,8954433, 10,6740731;;Prøven ble tatt fra land. Pålandsvind den dagen.
2026-06-30T18:20;;Høyerholmen;Indre_vest_4;3138;17888978684523478661386731277057.jpg;59.852433, 10.555546;;
2026-09-09T12:30;2026-09-09T17:30;Horten;Horten-1;3316;IMG_1585.jpeg;WGS84  59.38577  10.48004;;
2026-09-09T14:00;2026-09-09T17:30;Horten;Horten-3;3304;IMG_1586.jpeg;WGS84  59.36795  10.51493;;
2026-09-10T15:30;2026-09-10T16:30;Færder/Tjøme;Tønsberg_3;3245;vannprøve september 2026.jpg;"59°03'25.7""N 10°24'40.0""E";1200 mL;
2026-09-12T17:00;2026-09-12T17:50;Færder;Tønsberg-1;3262;IMG_2303.jpeg;59.1725882, 10.4470931;1200 mL;Fikk feil kork til den ene enden av filteret, tror jeg. Fikk den ikke til å sitte, teipet den fast.
2026-09-12T17:00;2026-09-12T17:45;Færder;Tønsberg-1;3262;IMG_2303.jpeg;59.1725882, 10.4470931;1200 mL;Fikk muligens feil kork til filteret og teipet igjen denne. Prøver å sende skjema på nytt pga ikke fikk kvittering.
2026-09-12T13:00;;Moss_2;Moss_2;1331;IMG_0910.HEIC;59.466502124849164, 10.629057355028303;1200 mL;
2026-09-14T12:51;2026-09-14T15:00;Larvik;Larvik_1;3292;IMG_20260914_124914324.jpg;59.027466,10.066929;;
2026-09-14T14:00;2026-09-14T15:00;Larvik;Larvik_2;3303;IMG_20260914_134512581.jpg;59.023222,10.095920;;
2026-09-24T11:00;2026-09-25T15:00;Ailo fiskeplass;s5;3308;s5.jpg;59.66454646688748, 10.600786084377413;;
2026-09-24T11:25;2026-09-25T15:00;Sandspollen;s4;3298;s4.jpg;59.66626985264344, 10.584473899728602;;
2026-09-24T11:45;2026-09-25T15:00;Furuholmen;s3;3314;s3.jpg;59.675477729144056, 10.56662867202385;;
2026-09-24T12:00;2026-09-25T15:00;Chemring;s2;3324;s2.jpg;59.67829937086982, 10.55228547194058;;
2026-09-24T12:00;2026-09-25T15:00;Dynea;s1;3307;s1.jpg;59.68411434759461, 10.541113852756393;;
2026-09-27T12:00;;Jeløya;Moss_2;3320;IMG_0985 2.HEIC;59.466515, 10.629417;1200 mL;
2026-10-01T17:30;;Kollektivbrygga, Nesoddtangen Brygge;indre_vest_3;3312;IMG_20261001_182200.jpg;N6644910.21 Ø256815.85;;
2026-10-02T10:30;2026-10-02T12:00;Hellviktangen, Nesodden;bunnefjorden_5;3323;_DSC3500.png;N6642685.93 Ø258538.41;;småregn
2026-09-23T17:00;2026-09-23T20:00;Oslo;Indre_øst_3;3117;IMG_4490.jpeg;59.88816040021023, 10.733322295662578;1200;
2026-09-23T19:30;2026-09-23T20:00;Oslo ;Indre_øst_1;3115;IMG_4491.jpeg;59.90128260975319, 10.74985502761753;1200;
2026-10-07T18:20;2026-10-07T19:00;Færder;Tønsberg-1;3335;IMG_2367.jpeg;59.1725882, 10.4470931;1200 mL;
